neur0,input0,neur1,input1,neur2,input2,neur3,input3,neur4,input4,neur5,input5,neur6,input6,neur7,input7,neur8,input8,neur9,input9
0.9999013,-0.0,0.5805666,0.0,0.60908896,0.0,0.52682537,0.0,0.2973173,0.0,0.50961095,0.0,0.49448672,0.0,0.52204025,0.0,0.5294877,0.0,0.4067413,0.0
0.9994181,-0.095479704,0.6213955,0.0,0.6514989,0.0,0.53656745,0.0,0.021332812,0.0,0.47113433,0.0,0.41070476,0.0,0.5527302,0.0,0.5292002,0.0,0.3174016,0.0
0.9953754,-0.095479704,0.6481146,0.0,0.69681007,0.0,0.55576485,0.0,-0.20366381,0.0,0.4100632,0.0,0.2694835,0.0,0.58629525,0.0,0.51861763,0.0,0.2412315,0.0
0.95117325,-0.095479704,0.6618496,0.0,0.73852104,0.0,0.5842676,0.0,-0.3662212,0.0,0.33465096,0.0,0.08165894,0.0,0.6114927,0.0,0.4926105,0.0,0.18485324,0.0
0.5193444,-0.095479704,0.6298656,0.0,0.75089496,0.0,0.6473704,0.0,-0.4620928,0.0,0.2609305,0.0,-0.12911391,0.0,0.6224088,0.0,0.44663307,0.0,0.15050922,0.0
-0.11733249,-0.095479704,0.5270995,0.0,0.71997416,0.0,0.73260325,0.0,-0.49080124,0.0,0.20535333,0.0,-0.3277796,0.0,0.6171682,0.0,0.37875834,0.0,0.13507763,0.0
0.10251757,-0.095479704,0.45475844,0.0,0.6999631,0.0,0.7723593,0.0,-0.4884943,0.0,0.16409871,0.0,-0.4877107,0.0,0.59754574,0.0,0.29223117,0.0,0.13218781,0.0
-0.19647798,-0.095479704,0.35083282,0.0,0.6504326,0.0,0.8094157,0.0,-0.4492624,0.0,0.14280131,0.0,-0.6051883,0.0,0.5644028,0.0,0.19192481,0.0,0.13590513,0.0
-0.15355602,-0.095479704,0.27096766,0.0,0.59545076,0.0,0.8279378,0.0,-0.3839721,0.0,0.14020258,0.0,-0.6851763,0.0,0.5188227,0.0,0.083638094,0.0,0.14195447,0.0
-0.32037538,-0.095479704,0.18496147,0.0,0.5141508,0.0,0.8413141,0.0,-0.28785795,0.0,0.15903144,0.0,-0.73506486,0.0,0.46124765,0.0,-0.02785648,0.0,0.1478466,0.0
-0.35258564,-0.095479704,0.1172476,0.0,0.41924348,0.0,0.8450234,0.0,-0.16785105,0.0,0.19859786,0.0,-0.7606822,0.0,0.39292008,0.0,-0.13881876,0.0,0.15229343,0.0
-0.44130993,-0.095479704,0.057021618,0.0,0.30635342,0.0,0.8423812,0.0,-0.0290123,0.0,0.25779724,0.0,-0.7651649,0.0,0.31615987,0.0,-0.24627157,0.0,0.15454012,0.0
-0.49031743,-0.095479704,0.009681745,0.0,0.18501052,0.0,0.8319146,0.0,0.11695227,0.0,0.33227754,0.0,-0.74864924,0.0,0.235204,0.0,-0.3470898,0.0,0.15372846,0.0
-0.54167116,-0.095479704,-0.028086005,0.0,0.061078984,0.0,0.8134403,0.0,0.2586848,0.0,0.41560715,0.0,-0.708173,0.0,0.15589525,0.0,-0.4376372,0.0,0.14839575,0.0
-0.58282286,-0.095479704,-0.057737447,0.0,-0.057964306,0.0,0.7858116,0.0,0.38694462,0.0,0.5003774,0.0,-0.637962,0.0,0.08479996,0.0,-0.5140541,0.0,0.13612844,0.0
-0.62045324,-0.095479704,-0.08236697,0.0,-0.16711132,0.0,0.7479688,0.0,0.49685988,0.0,0.5801522,0.0,-0.53099185,0.0,0.028049828,0.0,-0.5729525,0.0,0.11347865,0.0
-0.6569559,-0.095479704,-0.105702914,0.0,-0.26358822,0.0,0.6989992,0.0,0.5874911,0.0,0.6506789,0.0,-0.38294956,0.0,-0.009576341,0.0,-0.61193705,0.0,0.076400995,0.0
-0.6956959,-0.095479704,-0.13207678,0.0,-0.34663245,0.0,0.6384985,0.0,0.66048855,0.0,0.7100839,0.0,-0.19798248,0.0,-0.02536927,0.0,-0.62964267,0.0,0.02150369,0.0
-0.7384394,-0.095479704,-0.16579491,0.0,-0.41673508,0.0,0.5667033,0.0,0.7186898,0.0,0.75832695,0.0,0.008508269,0.0,-0.019213492,0.0,-0.6253413,0.0,-0.05210294,0.0
-0.7839253,-0.095479704,-0.21013379,0.0,-0.47496524,0.0,0.48431647,0.0,0.765089,0.0,0.7964275,0.0,0.21496552,0.0,0.006430506,0.0,-0.5984258,0.0,-0.14144836,0.0
-0.8278514,-0.095479704,-0.26633644,0.0,-0.5225836,0.0,0.3921612,0.0,0.80225134,0.0,0.82581735,0.0,0.4030513,0.0,0.047260053,0.0,-0.5482584,0.0,-0.23998171,0.0
-0.86495745,-0.095479704,-0.33321366,0.0,-0.56093967,0.0,0.29108733,0.0,0.832121,0.0,0.8479378,0.0,0.56270975,0.0,0.098191924,0.0,-0.474799,0.0,-0.3395039,0.0
-0.89145243,-0.095479704,-0.40756947,0.0,-0.59146535,0.0,0.18233134,0.0,0.85609466,0.0,0.86405313,0.0,0.691151,0.0,0.15428236,0.0,-0.37990955,0.0,-0.43264425,0.0
-0.90568125,-0.095479704,-0.48510408,0.0,-0.61557,0.0,0.06799002,0.0,0.87519217,0.0,0.87519366,0.0,0.78985167,0.0,0.21133246,0.0,-0.26847792,0.0,-0.5145931,0.0
-0.9066707,-0.095479704,-0.5612813,0.0,-0.6343836,0.0,-0.0489567,0.0,0.8901905,0.0,0.8821534,0.0,0.86238426,0.0,0.26619273,0.0,-0.1481863,0.0,-0.5834843,0.0
-0.89169204,-0.095479704,-0.6319334,0.0,-0.64841866,0.0,-0.16528772,0.0,0.9016752,0.0,0.88549393,0.0,0.91328394,0.0,0.3168194,0.0,-0.027605684,0.0,-0.639711,0.0
-0.8544439,-0.095479704,-0.6936823,0.0,-0.65726376,0.0,-0.27846292,0.0,0.91003233,0.0,0.8855373,0.0,0.9473626,0.0,0.3621445,0.0,0.08620038,0.0,-0.6848857,0.0
-0.7877253,-0.095479704,-0.7444395,0.0,-0.65959764,0.0,-0.38684282,0.0,0.9154455,0.0,0.8823575,0.0,0.9691486,0.0,0.40183732,0.0,0.18902686,0.0,-0.720991,0.0
-0.69718426,-0.095479704,-0.78424925,0.0,-0.6542339,0.0,-0.48816606,0.0,0.91799366,0.0,0.8758276,0.0,0.9824717,0.0,0.43603623,0.0,0.27943066,0.0,-0.7498938,0.0
-0.61059916,-0.095479704,-0.8155091,0.0,-0.64185184,0.0,-0.578313,0.0,0.91782135,0.0,0.8657473,0.0,0.99028844,0.0,0.4651155,0.0,0.35784116,0.0,-0.7731532,0.0
-0.54614025,-0.095479704,-0.8409651,0.0,-0.6243825,0.0,-0.6543677,0.0,0.91511846,0.0,0.8518923,0.0,0.99471384,0.0,0.4895261,0.0,0.42562798,0.0,-0.79199314,0.0
-0.49528247,-0.095479704,-0.86212575,0.0,-0.60301125,0.0,-0.71680707,0.0,0.909954,0.0,0.8339543,0.0,0.997152,0.0,0.5097075,0.0,0.48446026,0.0,-0.8073427,0.0
-0.45059273,-0.095479704,-0.8798288,0.0,-0.5783086,0.0,-0.7675232,0.0,0.902227,0.0,0.81152374,0.0,0.99847054,0.0,0.5260443,0.0,0.53596085,0.0,-0.8198946,0.0
-0.41008785,-0.095479704,-0.89470017,0.0,-0.5507117,0.0,-0.8085101,0.0,0.8916827,0.0,0.784116,0.0,0.999176,0.0,0.5388513,0.0,0.5815581,0.0,-0.83015984,0.0
-0.3721876,-0.095479704,-0.90722126,0.0,-0.5205643,0.0,-0.841589,0.0,0.87792635,0.0,0.7512051,0.0,0.9995519,0.0,0.54837567,0.0,0.6224443,0.0,-0.8385129,0.0
-0.32155332,0.095479704,-0.91740036,0.0,-0.4866506,0.0,-0.8687814,0.0,0.86028165,0.0,0.71216094,0.0,0.9997526,0.0,0.5548156,0.0,0.65958935,0.0,-0.8452264,0.0
-0.2925324,0.095479704,-0.92616886,0.0,-0.45145887,0.0,-0.8904601,0.0,0.8381858,0.0,0.6665405,0.0,0.99986047,0.0,0.55832803,0.0,0.69374985,0.0,-0.850497,0.0
-0.25299758,0.095479704,-0.93348056,0.0,-0.4140621,0.0,-0.9081159,0.0,0.8108981,0.0,0.6139254,0.0,0.9999191,0.0,0.5590532,0.0,0.725499,0.0,-0.8544642,0.0
-0.21846366,0.095479704,-0.9396642,0.0,-0.37531778,0.0,-0.92242604,0.0,0.7777771,0.0,0.5541054,0.0,0.99995154,0.0,0.55712813,0.0,0.7552442,0.0,-0.8572243,0.0
-0.1799453,0.095479704,-0.94481236,0.0,-0.33504933,0.0,-0.9341478,0.0,0.73828083,0.0,0.48706588,0.0,0.99996984,0.0,0.5527007,0.0,0.7832471,0.0,-0.85884094,0.0
-0.1424074,0.095479704,-0.9490964,0.0,-0.29370907,0.0,-0.9437647,0.0,0.6921975,0.0,0.41309968,0.0,0.99998033,0.0,0.5459325,0.0,0.80963945,0.0,-0.85935247,0.0
-0.102860145,0.095479704,-0.9526066,0.0,-0.25138062,0.0,-0.9517118,0.0,0.6397333,0.0,0.33283126,0.0,0.9999865,0.0,0.536996,0.0,0.83444273,0.0,-0.85877764,0.0
-0.063433155,0.095479704,-0.9554474,0.0,-0.20843205,0.0,-0.9583007,0.0,0.5816422,0.0,0.24727795,0.0,0.9999903,0.0,0.5260649,0.0,0.8575917,0.0,-0.85711974,0.0
-0.023153983,0.095479704,-0.95768523,0.0,-0.16509473,0.0,-0.96379423,0.0,0.5191718,0.0,0.1578263,0.0,0.99999255,0.0,0.51330644,0.0,0.8789657,0.0,-0.854369,0.0
0.016837489,0.095479704,-0.95938355,0.0,-0.12174202,0.0,-0.9683915,0.0,0.4539358,0.0,0.06616968,0.0,0.9999939,0.0,0.498881,0.0,0.89842474,0.0,-0.8505048,0.0
0.05679742,0.095479704,-0.9605826,0.0,-0.07868381,0.0,-0.97225726,0.0,0.3876548,0.0,-0.025846595,0.0,0.99999475,0.0,0.48295146,0.0,0.915848,0.0,-0.8454973,0.0
0.09609944,0.095479704,-0.96131355,0.0,-0.036281828,0.0,-0.9755211,0.0,0.32192007,0.0,-0.11640764,0.0,0.99999523,0.0,0.46569878,0.0,0.9311662,0.0,-0.83930874,0.0
0.13480431,0.095479704,-0.96159,0.0,0.005157533,0.0,-0.9782897,0.0,0.25800326,0.0,-0.20391262,0.0,0.99999535,0.0,0.4473378,0.0,0.9443812,0.0,-0.83189577,0.0
0.17262089,0.095479704,-0.96141374,0.0,0.045337345,0.0,-0.9806491,0.0,0.19678967,0.0,-0.28709492,0.0,0.9999953,0.0,0.42812592,0.0,0.9555708,0.0,-0.82321244,0.0
0.20958479,0.095479704,-0.9607704,0.0,0.08402016,0.0,-0.9826699,0.0,0.13879082,0.0,-0.36507112,0.0,0.99999493,0.0,0.40836248,0.0,0.9648787,0.0,-0.8132137,0.0
0.2455915,0.095479704,-0.9596312,0.0,0.12100692,0.0,-0.9844094,0.0,0.08421959,0.0,-0.4373204,0.0,0.9999943,0.0,0.38837883,0.0,0.9724955,0.0,-0.80186075,0.0
0.28066355,0.095479704,-0.9579493,0.0,0.15615349,0.0,-0.9859145,0.0,0.033073932,0.0,-0.5036256,0.0,0.99999326,0.0,0.36852366,0.0,0.9786374,0.0,-0.7891265,0.0
0.31475738,0.095479704,-0.95565915,0.0,0.18935825,0.0,-0.9872232,0.0,-0.0147855235,0.0,-0.5639985,0.0,0.9999918,0.0,0.34914616,0.0,0.9835261,0.0,-0.7750025,0.0
0.3478568,0.095479704,-0.95267266,0.0,0.2205639,0.0,-0.9883662,0.0,-0.05958001,0.0,-0.6186106,0.0,0.9999896,0.0,0.33058056,0.0,0.9873739,0.0,-0.7595055,0.0
0.3799061,0.095479704,-0.94887614,0.0,0.24975076,0.0,-0.989368,0.0,-0.10157596,0.0,-0.6677358,0.0,0.9999864,0.0,0.31313434,0.0,0.99037343,0.0,-0.74268454,0.0
0.41083688,0.095479704,-0.944126,0.0,0.27693528,0.0,-0.99024826,0.0,-0.1410653,0.0,-0.71170783,0.0,0.9999817,0.0,0.29708067,0.0,0.9926927,0.0,-0.72462654,0.0
0.4405502,0.095479704,-0.93824464,0.0,0.30216745,0.0,-0.99102217,0.0,-0.17835687,0.0,-0.7508912,0.0,0.9999747,0.0,0.28265548,0.0,0.9944739,0.0,-0.7054607,0.0
0.4689239,0.095479704,-0.9310167,0.0,0.32553044,0.0,-0.9917015,0.0,-0.21377458,0.0,-0.7856612,0.0,0.9999642,0.0,0.27005836,0.0,0.99583405,0.0,-0.6853609,0.0
0.49580878,0.095479704,-0.92218673,0.0,0.34714028,0.0,-0.9922948,0.0,-0.24765916,0.0,-0.8163916,0.0,0.99994814,0.0,0.25945684,0.0,0.99686795,0.0,-0.6645452,0.0
0.52102995,0.095479704,-0.91146106,0.0,0.36714566,0.0,-0.9928082,0.0,-0.28036988,0.0,-0.84344596,0.0,0.99992335,0.0,0.25099236,0.0,0.9976508,0.0,-0.64327276,0.0
0.5443882,0.095479704,-0.8985143,0.0,0.3857267,0.0,-0.99324536,0.0,-0.312284,0.0,-0.86717254,0.0,0.99988455,0.0,0.24478707,0.0,0.9982417,0.0,-0.6218381,0.0
0.5656614,0.095479704,-0.88300633,0.0,0.40309182,0.0,-0.9936078,0.0,-0.34379113,0.0,-0.8879002,0.0,0.99982303,0.0,0.2409499,0.0,0.9986866,0.0,-0.6005631,0.0
0.58460677,0.095479704,-0.8646112,0.0,0.41947174,0.0,-0.993895,0.0,-0.37527975,0.0,-0.90593576,0.0,0.99972415,0.0,0.23957996,0.0,0.99902076,0.0,-0.57978684,0.0
0.60096496,0.095479704,-0.8430617,0.0,0.43510866,0.0,-0.9941043,0.0,-0.40711376,0.0,-0.9215622,0.0,0.99956304,0.0,0.24076605,0.0,0.99927133,0.0,-0.559854,0.0
0.6144657,0.095479704,-0.8182091,0.0,0.45024052,0.0,-0.9942306,0.0,-0.43959808,0.0,-0.93503785,0.0,0.999297,0.0,0.2445801,0.0,0.9994589,0.0,-0.5411018,0.0
0.6248383,0.095479704,-0.7900921,0.0,0.46508068,0.0,-0.9942661,0.0,-0.4729361,0.0,-0.9465965,0.0,0.9988517,0.0,0.2510637,0.0,0.99959904,0.0,-0.52384555,0.0
0.63182664,0.095479704,-0.7590032,0.0,0.47979388,0.0,-0.99419916,0.0,-0.5071849,0.0,-0.95644885,0.0,0.99809605,0.0,0.26020697,0.0,0.9997035,0.0,-0.50836015,0.0
0.63521713,0.095479704,-0.7255312,0.0,0.49447352,0.0,-0.99401397,0.0,-0.5422203,0.0,-0.9647851,0.0,0.99679667,0.0,0.27192092,0.0,0.9997813,0.0,-0.4948583,0.0
0.63487947,0.095479704,-0.69055885,0.0,0.5091259,0.0,-0.9936886,0.0,-0.57772404,0.0,-0.97177804,0.0,0.99453455,0.0,0.28600463,0.0,0.999839,0.0,-0.48345962,0.0
0.6308296,0.095479704,-0.6551986,0.0,0.5236665,0.0,-0.99319327,0.0,-0.6132059,0.0,-0.9775868,0.0,0.990554,0.0,0.30210775,0.0,0.99988174,0.0,-0.47414637,0.0
0.61349463,-0.095479704,-0.62167007,0.0,0.5368967,0.0,-0.992471,0.0,-0.64775103,0.0,-0.9823554,0.0,0.983495,0.0,0.31964362,0.0,0.99991316,0.0,-0.4666909,0.0
0.6033687,-0.095479704,-0.59008956,0.0,0.54971474,0.0,-0.99149,0.0,-0.6808547,0.0,-0.98622584,0.0,0.9709352,0.0,0.33779207,0.0,0.99993616,0.0,-0.46054885,0.0
0.5914298,-0.095479704,-0.56127644,0.0,0.5619033,0.0,-0.99018294,0.0,-0.71204597,0.0,-0.9893314,0.0,0.9486718,0.0,0.3553919,0.0,0.9999528,0.0,-0.4546837,0.0
0.57990277,-0.095479704,-0.53552175,0.0,0.5733395,0.0,-0.9884665,0.0,-0.7409874,0.0,-0.99179554,0.0,0.90980315,0.0,0.37078443,0.0,0.9999647,0.0,-0.4472954,0.0
0.57187164,-0.095479704,-0.51238465,0.0,0.5840314,0.0,-0.986241,0.0,-0.76754284,0.0,-0.9937302,0.0,0.84417075,0.0,0.38162956,0.0,0.99997294,0.0,-0.43546233,0.0
0.571878,-0.095479704,-0.49043307,0.0,0.5941821,0.0,-0.98339456,0.0,-0.79182017,0.0,-0.9952349,0.0,0.73983437,0.0,0.38483307,0.0,0.9999785,0.0,-0.4148373,0.0
0.5858314,-0.095479704,-0.46699426,0.0,0.6042212,0.0,-0.9798109,0.0,-0.81418574,0.0,-0.9963959,0.0,0.589006,0.0,0.37689364,0.0,0.9999818,0.0,-0.3797856,0.0
0.61973953,-0.095479704,-0.43805918,0.0,0.6147441,0.0,-0.9753732,0.0,-0.83522916,0.0,-0.9972858,0.0,0.3973174,0.0,0.35491884,0.0,0.9999834,0.0,-0.32445732,0.0
0.6767193,-0.095479704,-0.39860916,0.0,0.6262938,0.0,-0.96993953,0.0,-0.85564566,0.0,-0.99796426,0.0,0.18662219,0.0,0.31790793,0.0,0.99998343,0.0,-0.2447312,0.0
0.75344616,-0.095479704,-0.34360054,0.0,0.6390148,0.0,-0.96325356,0.0,-0.8760123,0.0,-0.99847907,0.0,-0.016385743,0.0,0.26728654,0.0,0.99998194,0.0,-0.1400746,0.0
0.8385526,-0.095479704,-0.26965988,0.0,0.6523206,0.0,-0.9547658,0.0,-0.896497,0.0,-0.9988677,0.0,-0.19441399,0.0,0.20630533,0.0,0.9999787,0.0,-0.014371433,0.0
0.91484576,-0.095479704,-0.17716505,0.0,0.6647614,0.0,-0.9433737,0.0,-0.91664106,0.0,-0.9991591,0.0,-0.34263873,0.0,0.13892625,0.0,0.999973,0.0,0.124608085,0.0
0.96684146,-0.095479704,-0.07128538,0.0,0.6743632,0.0,-0.92712986,0.0,-0.93543994,0.0,-0.99937564,0.0,-0.46366414,0.0,0.06886254,0.0,0.9999637,0.0,0.26704326,0.0
0.99133855,-0.095479704,0.039981328,0.0,0.67955774,0.0,-0.9030091,0.0,-0.95179796,0.0,-0.99953485,0.0,-0.562567,0.0,-9.703335E-4,0.0,0.99994856,0.0,0.40354422,0.0
0.99858093,-0.095479704,0.14949448,0.0,0.6799818,0.0,-0.86680055,0.0,-0.96503305,0.0,-0.9996505,0.0,-0.6444579,0.0,-0.068599924,0.0,0.9999237,0.0,0.5271102,0.0
0.99985546,-0.095479704,0.2525371,0.0,0.67628855,0.0,-0.8132,0.0,-0.9750529,0.0,-0.9997334,0.0,-0.7136387,0.0,-0.13287674,0.0,0.99988246,0.0,0.6338319,0.0
0.99999046,-0.095479704,0.34633464,0.0,0.66949683,0.0,-0.736556,0.0,-0.98221934,0.0,-0.9997919,0.0,-0.773316,0.0,-0.19323967,0.0,0.9998126,0.0,0.7225156,0.0
0.9999996,-0.095479704,0.42955092,0.0,0.6606313,0.0,-0.63298124,0.0,-0.9871141,0.0,-0.9998324,0.0,-0.825414,0.0,-0.24946553,0.0,0.99969214,0.0,0.7938494,0.0
1.0,-0.095479704,0.50197536,0.0,0.65062153,0.0,-0.5035808,0.0,-0.99034256,0.0,-0.9998596,0.0,-0.8705202,0.0,-0.30146196,0.0,0.9994809,0.0,0.8496028,0.0
1.0,-0.095479704,0.5641748,0.0,0.6402739,0.0,-0.35645854,0.0,-0.9924207,0.0,-0.999877,0.0,-0.9082511,0.0,-0.3491519,0.0,0.9991053,0.0,0.8920493,0.0
1.0,-0.095479704,0.61715484,0.0,0.6302538,0.0,-0.20461729,0.0,-0.993735,0.0,-0.99988717,0.0,-0.9380831,0.0,-0.3924693,0.0,0.9984304,0.0,0.9235973,0.0
1.0,-0.095479704,0.6621021,0.0,0.6210723,0.0,-0.06055734,0.0,-0.99455017,0.0,-0.99989194,0.0,-0.96014196,0.0,-0.43142298,0.0,0.9972095,0.0,0.9465493,0.0
1.0,-0.095479704,0.70021826,0.0,0.6130835,0.0,0.06792929,0.0,-0.995036,0.0,-0.9998924,0.0,-0.9754055,0.0,-0.46615154,0.0,0.99499273,0.0,0.9629465,0.0
1.0,-0.095479704,0.7326301,0.0,0.60649496,0.0,0.17825387,0.0,-0.99529797,0.0,-0.9998893,0.0,-0.98536175,0.0,-0.4969254,0.0,0.9909655,0.0,0.97448635,0.0
1.0,-0.095479704,0.7603534,0.0,0.60139215,0.0,0.2712445,0.0,-0.9954001,0.0,-0.99988294,0.0,-0.9915435,0.0,-0.52410746,0.0,0.98366904,0.0,0.9825091,0.0
1.0,-0.095479704,0.7842939,0.0,0.5977697,0.0,0.34923467,0.0,-0.99538106,0.0,-0.99987334,0.0,-0.9952315,0.0,-0.548101,0.0,0.9705459,0.0,0.98803,0.0
1.0,-0.095479704,0.8052731,0.0,0.59556526,0.0,0.41488022,0.0,-0.99526453,0.0,-0.9998603,0.0,-0.99736303,0.0,-0.56930774,0.0,0.9472799,0.0,0.99179506,0.0
1.0,-0.095479704,0.82406867,0.0,0.5946911,0.0,0.47063065,0.0,-0.9950649,0.0,-0.99984354,0.0,-0.99856436,0.0,-0.58810115,0.0,0.90708154,0.0,0.9943401,0.0
1.0,-0.095479704,0.8414541,0.0,0.59506136,0.0,0.518571,0.0,-0.9947916,0.0,-0.9998224,0.0,-0.9992282,0.0,-0.604814,0.0,0.8405987,0.0,0.9960444,0.0
1.0,-0.095479704,0.85820425,0.0,0.59661126,0.0,0.56042206,0.0,-0.99445164,0.0,-0.9997961,0.0,-0.9995892,0.0,-0.6197349,0.0,0.73803073,0.0,0.99717426,0.0
1.0,-0.095479704,0.875006,0.0,0.59930193,0.0,0.597578,0.0,-0.9940516,0.0,-0.9997637,0.0,-0.99978316,0.0,-0.63311064,0.0,0.5949886,0.0,0.9979164,0.0
1.0,-0.095479704,0.89223087,0.0,0.60310096,0.0,0.6311239,0.0,-0.99359804,0.0,-0.99972385,0.0,-0.99988633,0.0,-0.6451501,0.0,0.4196019,0.0,0.99840194,0.0
1.0,-0.095479704,0.9096814,0.0,0.60794157,0.0,0.6618275,0.0,-0.99309754,0.0,-0.99967486,0.0,-0.9999407,0.0,-0.6560299,0.0,0.23239933,0.0,0.99872136,0.0
1.0,-0.095479704,0.92660373,0.0,0.6136865,0.0,0.69015056,0.0,-0.9925547,0.0,-0.9996148,0.0,-0.99996924,0.0,-0.66589886,0.0,0.055606347,0.0,0.9989354,0.0
1.0,-0.095479704,0.9420695,0.0,0.62012786,0.0,0.7163179,0.0,-0.99197096,0.0,-0.999541,0.0,-0.9999841,0.0,-0.67488337,0.0,-0.0973882,0.0,0.9990826,0.0
1.0,0.095479704,0.95540535,0.0,0.6270221,0.0,0.7404232,0.0,-0.9913447,0.0,-0.99945027,0.0,-0.9999918,0.0,-0.683091,0.0,-0.2233419,0.0,0.999187,0.0
1.0,0.095479704,0.966359,0.0,0.6341318,0.0,0.76252097,0.0,-0.9906718,0.0,-0.9993388,0.0,-0.99999577,0.0,-0.6906137,0.0,-0.3248446,0.0,0.9992632,0.0
1.0,0.095479704,0.97502357,0.0,0.6412551,0.0,0.7826774,0.0,-0.98994684,0.0,-0.9992017,0.0,-0.99999785,0.0,-0.6975306,0.0,-0.40634227,0.0,0.9993204,0.0
1.0,0.095479704,0.9816857,0.0,0.64823693,0.0,0.8009879,0.0,-0.9891636,0.0,-0.9990331,0.0,-0.99999887,0.0,-0.7039102,0.0,-0.47215548,0.0,0.99936414,0.0
1.0,0.095479704,0.9867005,0.0,0.6549686,0.0,0.8175737,0.0,-0.98831576,0.0,-0.9988256,0.0,-0.9999994,0.0,-0.70981145,0.0,-0.52584594,0.0,0.99939835,0.0
1.0,0.095479704,0.9904151,0.0,0.6613809,0.0,0.83257246,0.0,-0.98739696,0.0,-0.99857026,0.0,-0.9999997,0.0,-0.7152859,0.0,-0.57016766,0.0,0.9994255,0.0
1.0,0.095479704,0.9931331,0.0,0.6674353,0.0,0.8461277,0.0,-0.98640126,0.0,-0.99825597,0.0,-0.9999998,0.0,-0.7203779,0.0,-0.60719943,0.0,0.9994472,0.0
1.0,0.095479704,0.9951032,0.0,0.67311573,0.0,0.85838085,0.0,-0.9853228,0.0,-0.9978691,0.0,-0.99999994,0.0,-0.7251261,0.0,-0.63850254,0.0,0.99946475,0.0
1.0,0.095479704,0.9965207,0.0,0.678422,0.0,0.8694661,0.0,-0.984156,0.0,-0.9973928,0.0,-0.99999994,0.0,-0.72956353,0.0,-0.66525376,0.0,0.99947906,0.0
1.0,0.095479704,0.9975348,0.0,0.6833637,0.0,0.87950724,0.0,-0.98289585,0.0,-0.99680656,0.0,-1.0,0.0,-0.73371845,0.0,-0.6883482,0.0,0.99949074,0.0
1.0,0.095479704,0.99825704,0.0,0.6879571,0.0,0.88861644,0.0,-0.9815373,0.0,-0.9960851,0.0,-1.0,0.0,-0.7376147,0.0,-0.70847356,0.0,0.9995002,0.0
1.0,0.095479704,0.99876964,0.0,0.69222194,0.0,0.89689404,0.0,-0.9800759,0.0,-0.9951976,0.0,-1.0,0.0,-0.7412713,0.0,-0.72616494,0.0,0.99950796,0.0
1.0,0.095479704,0.99913245,0.0,0.6961792,0.0,0.90442944,0.0,-0.97850764,0.0,-0.99410635,0.0,-1.0,0.0,-0.74470353,0.0,-0.7418435,0.0,0.99951416,0.0
1.0,0.095479704,0.9993887,0.0,0.6998507,0.0,0.9113014,0.0,-0.97682875,0.0,-0.99276537,0.0,-1.0,0.0,-0.74792176,0.0,-0.75584495,0.0,0.99951917,0.0
1.0,0.095479704,0.9995695,0.0,0.70325744,0.0,0.9175794,0.0,-0.9750362,0.0,-0.9911189,0.0,-1.0,0.0,-0.7509322,0.0,-0.7684402,0.0,0.99952304,0.0
1.0,0.095479704,0.9996968,0.0,0.7064196,0.0,0.92332476,0.0,-0.9731276,0.0,-0.98909956,0.0,-1.0,0.0,-0.7537362,0.0,-0.7798507,0.0,0.9995259,0.0
1.0,0.095479704,0.9997865,0.0,0.7093561,0.0,0.9285915,0.0,-0.97110105,0.0,-0.98662615,0.0,-1.0,0.0,-0.75632954,0.0,-0.7902599,0.0,0.999528,0.0
1.0,0.095479704,0.99984956,0.0,0.71208483,0.0,0.9334271,0.0,-0.9689556,0.0,-0.9836018,0.0,-1.0,0.0,-0.7587026,0.0,-0.7998217,0.0,0.99952924,0.0
1.0,0.095479704,0.999894,0.0,0.714622,0.0,0.9378736,0.0,-0.96669114,0.0,-0.9799113,0.0,-1.0,0.0,-0.7608389,0.0,-0.8086668,0.0,0.99952984,0.0
1.0,0.095479704,0.99992526,0.0,0.71698266,0.0,0.9419683,0.0,-0.96430856,0.0,-0.9754195,0.0,-1.0,0.0,-0.762715,0.0,-0.81690836,0.0,0.9995297,0.0
1.0,0.095479704,0.99994725,0.0,0.7191805,0.0,0.9457442,0.0,-0.96180964,0.0,-0.9699694,0.0,-1.0,0.0,-0.7642988,0.0,-0.824645,0.0,0.999529,0.0
1.0,0.095479704,0.99996275,0.0,0.7212283,0.0,0.94923055,0.0,-0.95919734,0.0,-0.96338147,0.0,-1.0,0.0,-0.7655492,0.0,-0.83196425,0.0,0.9995276,0.0
1.0,0.095479704,0.99997365,0.0,0.72313744,0.0,0.9524536,0.0,-0.9564757,0.0,-0.9554545,0.0,-1.0,0.0,-0.76641446,0.0,-0.83894455,0.0,0.99952555,0.0
1.0,0.095479704,0.9999814,0.0,0.7249186,0.0,0.95543665,0.0,-0.95365,0.0,-0.94596857,0.0,-1.0,0.0,-0.76683146,0.0,-0.8456564,0.0,0.9995228,0.0
1.0,0.095479704,0.9999868,0.0,0.72658134,0.0,0.95820063,0.0,-0.9507265,0.0,-0.9346907,0.0,-1.0,0.0,-0.7667242,0.0,-0.8521635,0.0,0.9995193,0.0
1.0,0.095479704,0.99999064,0.0,0.7281345,0.0,0.96076435,0.0,-0.9477127,0.0,-0.9213855,0.0,-1.0,0.0,-0.76600343,0.0,-0.8585225,0.0,0.999515,0.0
1.0,0.095479704,0.9999934,0.0,0.72958624,0.0,0.96314466,0.0,-0.9446172,0.0,-0.9058294,0.0,-1.0,0.0,-0.7645656,0.0,-0.86478263,0.0,0.99950975,0.0
1.0,0.095479704,0.9999953,0.0,0.730944,0.0,0.96535677,0.0,-0.9414495,0.0,-0.8878301,0.0,-1.0,0.0,-0.7622933,0.0,-0.87098473,0.0,0.9995035,0.0
1.0,0.095479704,0.99999666,0.0,0.7322145,0.0,0.9674145,0.0,-0.93822,0.0,-0.8672498,0.0,-1.0,0.0,-0.75905585,0.0,-0.87715954,0.0,0.99949604,0.0
1.0,0.095479704,0.9999976,0.0,0.73340404,0.0,0.9693302,0.0,-0.93494004,0.0,-0.84403056,0.0,-1.0,0.0,-0.7547112,0.0,-0.8833261,0.0,0.99948716,0.0
0.9999998,0.095479704,0.9999983,0.0,0.73451847,0.0,0.97111523,0.0,-0.93162125,0.0,-0.8182178,0.0,-1.0,0.0,-0.7491091,0.0,-0.88949054,0.0,0.9994767,0.0
0.9999982,0.095479704,0.9999988,0.0,0.73556304,0.0,0.9727798,0.0,-0.928276,0.0,-0.78997767,0.0,-1.0,0.0,-0.74209523,0.0,-0.8956447,0.0,0.9994642,0.0
0.99997926,0.095479704,0.9999991,0.0,0.73654157,0.0,0.97433347,0.0,-0.92491686,0.0,-0.759603,0.0,-1.0,0.0,-0.73351777,0.0,-0.9017665,0.0,0.99944955,0.0
0.9997547,0.095479704,0.9999994,0.0,0.7374461,0.0,0.975786,0.0,-0.9215557,0.0,-0.7275053,0.0,-1.0,0.0,-0.7232346,0.0,-0.9078211,0.0,0.9994322,0.0
0.99690163,-0.095479704,0.9999996,0.0,0.73812,0.0,0.9771626,0.0,-0.91819715,0.0,-0.6941826,0.0,-1.0,0.0,-0.7111219,0.0,-0.9137645,0.0,0.99941164,0.0
0.96032685,-0.095479704,0.9999997,0.0,0.7364981,0.0,0.97867954,0.0,-0.91474545,0.0,-0.6600677,0.0,-1.0,0.0,-0.69708246,0.0,-0.9195488,0.0,0.99938744,0.0
0.60720056,-0.095479704,0.99999976,0.0,0.712217,0.0,0.98203975,0.0,-0.91008747,0.0,-0.6243066,0.0,-1.0,0.0,-0.68103534,0.0,-0.92515,0.0,0.9993588,0.0
0.021998983,-0.095479704,0.99999976,0.0,0.6437448,0.0,0.98709965,0.0,-0.9018438,0.0,-0.5843857,0.0,-1.0,0.0,-0.66289514,0.0,-0.93058914,0.0,0.9993248,0.0
0.27472636,-0.095479704,0.99999976,0.0,0.59179115,0.0,0.9897116,0.0,-0.89040524,0.0,-0.5413385,0.0,-1.0,0.0,-0.6426358,0.0,-0.9358619,0.0,0.99928457,0.0
0.07697979,-0.095479704,0.99999976,0.0,0.5198642,0.0,0.99206674,0.0,-0.87387055,0.0,-0.4937644,0.0,-1.0,0.0,-0.6203,0.0,-0.9409823,0.0,0.9992367,0.0
0.15801418,-0.095479704,0.99999976,0.0,0.45575172,0.0,0.9935485,0.0,-0.8515604,0.0,-0.44199473,0.0,-1.0,0.0,-0.59605736,0.0,-0.94595325,0.0,0.9991797,0.0
0.05896429,-0.095479704,0.99999976,0.0,0.38197112,0.0,0.99476224,0.0,-0.8212456,0.0,-0.3849592,0.0,-1.0,0.0,-0.5702446,0.0,-0.95078796,0.0,0.9991118,0.0
0.0756141,-0.095479704,0.99999976,0.0,0.31335914,0.0,0.99560225,0.0,-0.78154665,0.0,-0.32257533,0.0,-1.0,0.0,-0.5433929,0.0,-0.95549405,0.0,0.9990307,0.0
0.014411345,-0.095479704,0.9999998,0.0,0.24156119,0.0,0.99627274,0.0,-0.73037523,0.0,-0.25399023,0.0,-1.0,0.0,-0.5162315,0.0,-0.9600817,0.0,0.9989339,0.0
0.005161002,-0.095479704,0.9999998,0.0,0.17446333,0.0,0.9967636,0.0,-0.66709566,0.0,-0.17909858,0.0,-1.0,0.0,-0.48959514,0.0,-0.96455157,0.0,0.9988185,0.0
-0.037988503,-0.095479704,0.9999998,0.0,0.10816511,0.0,0.99715364,0.0,-0.59185857,0.0,-0.09775733,0.0,-1.0,0.0,-0.46429718,0.0,-0.96889323,0.0,0.99868125,0.0
-0.05600402,-0.095479704,0.99999976,0.0,0.046663396,0.0,0.9974489,0.0,-0.5071889,0.0,-0.010842621,0.0,-1.0,0.0,-0.44092056,0.0,-0.973076,0.0,0.9985183,0.0
-0.087699175,-0.095479704,0.99999976,0.0,-0.011855558,0.0,0.9976832,0.0,-0.4168579,0.0,0.08012791,0.0,-1.0,0.0,-0.41970676,0.0,-0.97704995,0.0,0.99832547,0.0
-0.10663052,-0.095479704,0.99999976,0.0,-0.065614514,0.0,0.9978635,0.0,-0.32569534,0.0,0.17270899,0.0,-1.0,0.0,-0.40052572,0.0,-0.9807516,0.0,0.99809754,0.0
-0.13045873,-0.095479704,0.99999976,0.0,-0.115586385,0.0,0.9980055,0.0,-0.23781009,0.0,0.26420358,0.0,-1.0,0.0,-0.38301462,0.0,-0.98411775,0.0,0.9978284,0.0
-0.14798176,-0.095479704,0.99999976,0.0,-0.16123174,0.0,0.99811476,0.0,-0.15618664,0.0,0.35201252,0.0,-1.0,0.0,-0.3667366,0.0,-0.98709977,0.0,0.9975108,0.0
-0.16703883,-0.095479704,0.99999976,0.0,-0.20320861,0.0,0.99819934,0.0,-0.08221593,0.0,0.43415552,0.0,-1.0,0.0,-0.3513316,0.0,-0.9896731,0.0,0.9971357,0.0
-0.18308645,-0.095479704,0.99999976,0.0,-0.24154708,0.0,0.99826294,0.0,-0.016204286,0.0,0.509366,0.0,-1.0,0.0,-0.33657637,0.0,-0.99183965,0.0,0.9966923,0.0
-0.1993413,-0.095479704,0.9999997,0.0,-0.27672458,0.0,0.9983099,0.0,0.04230914,0.0,0.5770833,0.0,-1.0,0.0,-0.3223942,0.0,-0.9936238,0.0,0.9961678,0.0
-0.2139742,-0.095479704,0.9999997,0.0,-0.3089431,0.0,0.9983426,0.0,0.09408815,0.0,0.63726884,0.0,-1.0,0.0,-0.30882064,0.0,-0.9950651,0.0,0.9955468,0.0
-0.22815485,-0.095479704,0.9999997,0.0,-0.33853456,0.0,0.99836326,0.0,0.14000386,0.0,0.69023865,0.0,-1.0,0.0,-0.2959639,0.0,-0.99621063,0.0,0.9948114,0.0
-0.24113986,-0.095479704,0.99999964,0.0,-0.36570153,0.0,0.9983734,0.0,0.18087257,0.0,0.7365051,0.0,-1.0,0.0,-0.28396508,0.0,-0.99710894,0.0,0.9939403,0.0
-0.25329274,-0.095479704,0.99999964,0.0,-0.3906649,0.0,0.99837416,0.0,0.21741699,0.0,0.77667284,0.0,-1.0,0.0,-0.27296895,0.0,-0.99780566,0.0,0.992909,0.0
-0.2643175,-0.095479704,0.99999964,0.0,-0.41358176,0.0,0.9983664,0.0,0.2502421,0.0,0.8113689,0.0,-1.0,0.0,-0.26310292,0.0,-0.9983412,0.0,0.9916891,0.0
-0.27431828,-0.095479704,0.9999996,0.0,-0.4345987,0.0,0.9983507,0.0,0.27984715,0.0,0.84120387,0.0,-1.0,0.0,-0.25446537,0.0,-0.99875003,0.0,0.99024796,0.0
-0.2832041,-0.095479704,0.9999995,0.0,-0.45383012,0.0,0.9983274,0.0,0.30663672,0.0,0.8667515,0.0,-1.0,0.0,-0.2471192,0.0,-0.9990604,0.0,0.9885487,0.0
-0.291035,-0.095479704,0.9999995,0.0,-0.471378,0.0,0.9982968,0.0,0.3309385,0.0,0.88853955,0.0,-1.0,0.0,-0.2410908,0.0,-0.99929494,0.0,0.98654974,0.0
-0.29783174,-0.095479704,0.99999946,0.0,-0.4873282,0.0,0.99825907,0.0,0.3530175,0.0,0.90704757,0.0,-1.0,0.0,-0.23637159,0.0,-0.9994716,0.0,0.98420453,0.0
-0.30368033,-0.095479704,0.9999994,0.0,-0.5017582,0.0,0.9982143,0.0,0.37308967,0.0,0.9227075,0.0,-1.0,0.0,-0.23292166,0.0,-0.9996044,0.0,0.9814619,0.0
-0.30867285,-0.095479704,0.99999934,0.0,-0.5147374,0.0,0.9981626,0.0,0.39133185,0.0,0.93590605,0.0,-1.0,0.0,-0.23067442,0.0,-0.99970394,0.0,0.97826594,0.0
-0.31293273,-0.095479704,0.9999993,0.0,-0.52632993,0.0,0.99810404,0.0,0.40789065,0.0,0.9469874,0.0,-1.0,0.0,-0.2295418,0.0,-0.99977857,0.0,0.9745566,0.0
-0.31659716,-0.095479704,0.9999992,0.0,-0.5365958,0.0,0.9980387,0.0,0.42288882,0.0,0.9562563,0.0,-1.0,0.0,-0.2294193,0.0,-0.99983436,0.0,0.97027016,0.0
-0.31981835,-0.095479704,0.99999917,0.0,-0.5455914,0.0,0.99796677,0.0,0.4364304,0.0,0.9639813,0.0,-1.0,0.0,-0.23019093,0.0,-0.99987614,0.0,0.96534,0.0
-0.32275787,-0.095479704,0.9999991,0.0,-0.5533702,0.0,0.9978885,0.0,0.44860432,0.0,0.97039735,0.0,-1.0,0.0,-0.23173358,0.0,-0.9999073,0.0,0.9596983,0.0
-0.3112815,0.095479704,0.999999,0.0,-0.5586536,0.0,0.99779534,0.0,0.45920283,0.0,0.9757019,0.0,-1.0,0.0,-0.2338807,0.0,-0.9999307,0.0,0.9532766,0.0
-0.32147723,0.095479704,0.99999887,0.0,-0.56363106,0.0,0.9977021,0.0,0.468533,0.0,0.98007834,0.0,-1.0,0.0,-0.23650452,0.0,-0.9999481,0.0,0.9460082,0.0
-0.320965,0.095479704,0.9999988,0.0,-0.5672553,0.0,0.99760205,0.0,0.47660458,0.0,0.98367864,0.0,-1.0,0.0,-0.23947294,0.0,-0.99996114,0.0,0.93783027,0.0
-0.3264117,0.095479704,0.9999986,0.0,-0.570105,0.0,0.9975001,0.0,0.48354313,0.0,0.9866345,0.0,-1.0,0.0,-0.24266985,0.0,-0.99997085,0.0,0.9286859,0.0
-0.3296341,0.095479704,0.9999985,0.0,-0.57194334,0.0,0.99739575,0.0,0.48939365,0.0,0.9890565,0.0,-1.0,0.0,-0.24598475,0.0,-0.9999781,0.0,0.91852725,0.0
-0.3349283,0.095479704,0.99999833,0.0,-0.5729376,0.0,0.9972915,0.0,0.49422255,0.0,0.9910381,0.0,-1.0,0.0,-0.24931754,0.0,-0.9999836,0.0,0.9073178,0.0
-0.3403347,0.095479704,0.99999815,0.0,-0.5730534,0.0,0.99718887,0.0,0.49807194,0.0,0.9926573,0.0,-1.0,0.0,-0.25257587,0.0,-0.99998766,0.0,0.89503527,0.0
-0.3469618,0.095479704,0.9999979,0.0,-0.57235396,0.0,0.9970903,0.0,0.50098485,0.0,0.9939791,0.0,-1.0,0.0,-0.25567624,0.0,-0.99999076,0.0,0.8816736,0.0
-0.35438576,0.095479704,0.9999977,0.0,-0.5708544,0.0,0.9969981,0.0,0.5029958,0.0,0.9950575,0.0,-1.0,0.0,-0.25854298,0.0,-0.999993,0.0,0.8672448,0.0
-0.36289185,0.095479704,0.9999974,0.0,-0.5685929,0.0,0.9969149,0.0,0.50413716,0.0,0.99593705,0.0,-1.0,0.0,-0.26110834,0.0,-0.99999475,0.0,0.8517801,0.0
-0.3723962,0.095479704,0.99999696,0.0,-0.565598,0.0,0.9968436,0.0,0.50443816,0.0,0.9966544,0.0,-1.0,0.0,-0.26331195,0.0,-0.999996,0.0,0.83533037,0.0
-0.3829563,0.095479704,0.99999654,0.0,-0.56190485,0.0,0.9967868,0.0,0.50392663,0.0,0.9972396,0.0,-0.99999994,0.0,-0.26510048,0.0,-0.999997,0.0,0.8179647,0.0
-0.3945354,0.095479704,0.999996,0.0,-0.55754906,0.0,0.99674714,0.0,0.5026303,0.0,0.99771726,0.0,-0.99999994,0.0,-0.26642752,0.0,-0.99999774,0.0,0.799769,0.0
-0.40711182,0.095479704,0.9999953,0.0,-0.5525703,0.0,0.9967269,0.0,0.50057715,0.0,0.9981075,0.0,-0.9999999,0.0,-0.26725307,0.0,-0.9999983,0.0,0.7808435,0.0
-0.4206343,0.095479704,0.99999446,0.0,-0.54701185,0.0,0.99672806,0.0,0.4977969,0.0,0.9984266,0.0,-0.99999976,0.0,-0.26754352,0.0,-0.9999987,0.0,0.76129866,0.0
-0.4350456,0.095479704,0.99999344,0.0,-0.5409215,0.0,0.99675196,0.0,0.4943216,0.0,0.998688,0.0,-0.9999996,0.0,-0.26727152,0.0,-0.999999,0.0,0.7412515,0.0
-0.4502758,0.095479704,0.9999922,0.0,-0.5343513,0.0,0.9967994,0.0,0.49018663,0.0,0.9989023,0.0,-0.9999992,0.0,-0.26641586,0.0,-0.9999992,0.0,0.7208214,0.0
-0.4662509,0.095479704,0.9999905,0.0,-0.5273577,0.0,0.99687034,0.0,0.48543105,0.0,0.9990785,0.0,-0.9999986,0.0,-0.26496163,0.0,-0.9999994,0.0,0.7001255,0.0
-0.48289257,0.095479704,0.99998844,0.0,-0.5200011,0.0,0.9969641,0.0,0.4800982,0.0,0.99922365,0.0,-0.99999756,0.0,-0.2629001,0.0,-0.9999996,0.0,0.67927545,0.0
-0.50012326,0.095479704,0.99998575,0.0,-0.51234525,0.0,0.9970792,0.0,0.4742359,0.0,0.9993434,0.0,-0.99999577,0.0,-0.260229,0.0,-0.99999964,0.0,0.65837395,0.0
-0.5178649,0.095479704,0.9999823,0.0,-0.50445604,0.0,0.9972135,0.0,0.46789637,0.0,0.9994425,0.0,-0.9999926,0.0,-0.2569524,0.0,-0.99999976,0.0,0.6375124,0.0
-0.53604424,0.095479704,0.99997777,0.0,-0.4964004,0.0,0.9973642,0.0,0.4611361,0.0,0.9995247,0.0,-0.99998736,0.0,-0.25308093,0.0,-0.9999998,0.0,0.6167695,0.0
-0.55459017,0.095479704,0.9999718,0.0,-0.4882449,0.0,0.9975283,0.0,0.45401514,0.0,0.99959314,0.0,-0.9999784,0.0,-0.24863152,0.0,-0.9999998,0.0,0.5962105,0.0
-0.5734357,0.095479704,0.9999639,0.0,-0.4800543,0.0,0.9977022,0.0,0.4465962,0.0,0.9996503,0.0,-0.9999636,0.0,-0.24362728,0.0,-0.9999999,0.0,0.5758873,0.0
-0.5925186,0.095479704,0.99995327,0.0,-0.47189018,0.0,0.99788225,0.0,0.43894383,0.0,0.9996981,0.0,-0.999939,0.0,-0.2380971,0.0,-0.9999999,0.0,0.5558391,0.0
-0.61177915,0.095479704,0.9999389,0.0,-0.46380943,0.0,0.998065,0.0,0.43112314,0.0,0.99973834,0.0,-0.99989873,0.0,-0.23207511,0.0,-0.99999994,0.0,0.53609335,0.0
-0.6311611,0.095479704,0.9999194,0.0,-0.455863,0.0,0.998247,0.0,0.4231984,0.0,0.9997722,0.0,-0.99983335,0.0,-0.22559977,0.0,-0.99999994,0.0,0.5166672,0.0
-0.6506106,0.095479704,0.99989265,0.0,-0.44809514,0.0,0.9984253,0.0,0.41523197,0.0,0.9998009,0.0,-0.9997281,0.0,-0.21871272,0.0,-0.99999994,0.0,0.49756837,0.0
-0.6700771,0.095479704,0.99985564,0.0,-0.44054252,0.0,0.99859715,0.0,0.40728298,0.0,0.99982524,0.0,-0.99956006,0.0,-0.21145734,0.0,-0.99999994,0.0,0.4787965,0.0
-0.6895123,0.095479704,0.9998041,0.0,-0.43323398,0.0,0.9987603,0.0,0.39940628,0.0,0.999846,0.0,-0.9992941,0.0,-0.20387672,0.0,-1.0,0.0,0.460343,0.0
-0.7088718,0.095479704,0.9997317,0.0,-0.42619014,0.0,0.99891317,0.0,0.3916519,0.0,0.9998638,0.0,-0.9988768,0.0,-0.19601122,0.0,-1.0,0.0,0.44219068,0.0
-0.72811645,0.095479704,0.9996293,0.0,-0.41942388,0.0,0.9990545,0.0,0.3840646,0.0,0.999879,0.0,-0.9982274,0.0,-0.18789528,0.0,-1.0,0.0,0.4243118,0.0
-0.7472141,0.095479704,0.99948335,0.0,-0.41294023,0.0,0.99918354,0.0,0.3766841,0.0,0.9998922,0.0,-0.99722546,0.0,-0.17955318,0.0,-1.0,0.0,0.40666434,0.0
-0.7661431,0.095479704,0.9992738,0.0,-0.40673712,0.0,0.9993001,0.0,0.36954537,0.0,0.99990356,0.0,-0.99569243,0.0,-0.1709936,0.0,-1.0,0.0,0.38918605,0.0
-0.78489566,0.095479704,0.9989707,0.0,-0.4008055,0.0,0.9994042,0.0,0.3626805,0.0,0.99991345,0.0,-0.9933673,0.0,-0.1622023,0.0,-1.0,0.0,0.37178478,0.0
-0.8090509,-0.095479704,0.9985265,0.0,-0.39576536,0.0,0.99949694,0.0,0.35627118,0.0,0.9999221,0.0,-0.98987246,0.0,-0.15315512,0.0,-1.0,0.0,0.35432738,0.0
-0.82906437,-0.095479704,0.99787277,0.0,-0.39107618,0.0,0.9995781,0.0,0.3503476,0.0,0.99992967,0.0,-0.98466974,0.0,-0.14377971,0.0,-1.0,0.0,0.33661982,0.0
-0.84781516,-0.095479704,0.9969046,0.0,-0.3865586,0.0,0.9996483,0.0,0.34491313,0.0,0.9999363,0.0,-0.9770079,0.0,-0.13393497,0.0,-1.0,0.0,0.31837976,0.0
-0.8661151,-0.095479704,0.99546117,0.0,-0.3821197,0.0,0.99970835,0.0,0.33998317,0.0,0.9999422,0.0,-0.96586585,0.0,-0.12339253,0.0,-1.0,0.0,0.29920176,0.0
-0.88426894,-0.095479704,0.9932944,0.0,-0.37767836,0.0,0.99975944,0.0,0.33560482,0.0,0.99994737,0.0,-0.9499064,0.0,-0.111818634,0.0,-1.0,0.0,0.27851614,0.0
-0.90240484,-0.095479704,0.9900198,0.0,-0.37313503,0.0,0.9998025,0.0,0.3318758,0.0,0.999952,0.0,-0.9274688,0.0,-0.09875996,0.0,-1.0,0.0,0.25554642,0.0
-0.92050993,-0.095479704,0.98503816,0.0,-0.3683503,0.0,0.9998385,0.0,0.3289714,0.0,0.99995613,0.0,-0.8966462,0.0,-0.08364368,0.0,-1.0,0.0,0.22927666,0.0
-0.9383587,-0.095479704,0.9774149,0.0,-0.36312553,0.0,0.9998682,0.0,0.32718688,0.0,0.9999598,0.0,-0.85550153,0.0,-0.06580713,0.0,-1.0,0.0,0.19844905,0.0
-0.9554038,-0.095479704,0.96569943,0.0,-0.35719192,0.0,0.9998926,0.0,0.32700717,0.0,0.99996316,0.0,-0.80245,0.0,-0.044576872,0.0,-1.0,0.0,0.16162162,0.0
-0.97072184,-0.095479704,0.9476752,0.0,-0.35023028,0.0,0.99991226,0.0,0.32921723,0.0,0.9999662,0.0,-0.7367441,0.0,-0.019410586,0.0,-1.0,0.0,0.11731555,0.0
-0.98317444,-0.095479704,0.92006594,0.0,-0.3419636,0.0,0.9999278,0.0,0.33506534,0.0,0.99996895,0.0,-0.65885293,0.0,0.0099078715,0.0,-1.0,0.0,0.064261705,0.0
-0.99189377,-0.095479704,0.8783133,0.0,-0.33236367,0.0,0.99993974,0.0,0.34646222,0.0,0.9999715,0.0,-0.5704356,0.0,0.043067314,0.0,-1.0,0.0,0.0017085506,0.0
-0.99687386,-0.095479704,0.81672543,0.0,-0.32194722,0.0,0.9999485,0.0,0.3661074,0.0,0.99997395,0.0,-0.47374588,0.0,0.07910517,0.0,-1.0,0.0,-0.07029931,0.0
-0.99907506,-0.095479704,0.72952855,0.0,-0.3119872,0.0,0.9999543,0.0,0.39726603,0.0,0.99997634,0.0,-0.37070355,0.0,0.116455086,0.0,-1.0,0.0,-0.1507811,0.0
-0.99979657,-0.095479704,0.6133126,0.0,-0.30436,0.0,0.9999573,0.0,0.44280708,0.0,0.9999787,0.0,-0.26226568,0.0,0.1532286,0.0,-1.0,0.0,-0.23787163,0.0
-0.9999673,-0.095479704,0.47028977,0.0,-0.3009031,0.0,0.99995744,0.0,0.5034523,0.0,0.9999811,0.0,-0.14871429,0.0,0.18770008,0.0,-1.0,0.0,-0.3290172,0.0
-0.9999962,-0.095479704,0.3097928,0.0,-0.30258414,0.0,0.9999543,0.0,0.5762009,0.0,0.9999836,0.0,-0.030839473,0.0,0.2188083,0.0,-1.0,0.0,-0.42121544,0.0
-0.99999964,-0.095479704,0.1454883,0.0,-0.3090891,0.0,0.99994695,0.0,0.6545445,0.0,0.99998605,0.0,0.08889612,0.0,0.24639012,0.0,-1.0,0.0,-0.5112655,0.0
-1.0,-0.095479704,-0.010123474,0.0,-0.31913456,0.0,0.99993366,0.0,0.73079073,0.0,0.9999884,0.0,0.20631851,0.0,0.27101454,0.0,-1.0,0.0,-0.59608465,0.0
-1.0,-0.095479704,-0.14941283,0.0,-0.33116633,0.0,0.99991125,0.0,0.79875666,0.0,0.99999046,0.0,0.31674924,0.0,0.29358238,0.0,-1.0,0.0,-0.673101,0.0
-1.0,-0.095479704,-0.26971847,0.0,-0.3439171,0.0,0.9998741,0.0,0.85508937,0.0,0.9999923,0.0,0.41648266,0.0,0.3149626,0.0,-1.0,0.0,-0.7405956,0.0
-1.0,-0.095479704,-0.3715661,0.0,-0.35661367,0.0,0.99981254,0.0,0.8990802,0.0,0.9999939,0.0,0.5035735,0.0,0.33579826,0.0,-0.99999994,0.0,-0.7978396,0.0
-1.0,-0.095479704,-0.45693922,0.0,-0.3689244,0.0,0.9997091,0.0,0.9317804,0.0,0.99999523,0.0,0.5777695,0.0,0.3564626,0.0,-0.99999994,0.0,-0.84499496,0.0
-1.0,-0.095479704,-0.5282316,0.0,-0.38080803,0.0,0.99953294,0.0,0.9550965,0.0,0.99999624,0.0,0.6399823,0.0,0.37709716,0.0,-0.99999994,0.0,-0.8828666,0.0
-1.0,-0.095479704,-0.5877549,0.0,-0.39236677,0.0,0.9992288,0.0,0.9711367,0.0,0.9999971,0.0,0.6917091,0.0,0.3976785,0.0,-0.9999999,0.0,-0.9126243,0.0
-1.0,-0.095479704,-0.63755345,0.0,-0.40374303,0.0,0.99869645,0.0,0.9818333,0.0,0.99999774,0.0,0.73460793,0.0,0.4180853,0.0,-0.99999976,0.0,-0.93556994,0.0
-1.0,-0.095479704,-0.67936146,0.0,-0.41506058,0.0,0.9977539,0.0,0.98877496,0.0,0.9999983,0.0,0.7702541,0.0,0.4381544,0.0,-0.9999995,0.0,-0.95297635,0.0
-1.0,-0.095479704,-0.7146177,0.0,-0.42639986,0.0,0.9960685,0.0,0.99317384,0.0,0.9999986,0.0,0.8000347,0.0,0.45772064,0.0,-0.99999917,0.0,-0.9659944,0.0
-1.0,-0.095479704,-0.74450153,0.0,-0.43779385,0.0,0.993031,0.0,0.9959039,0.0,0.9999989,0.0,0.8251283,0.0,0.4766427,0.0,-0.9999985,0.0,-0.97560996,0.0
-1.0,-0.095479704,-0.76997286,0.0,-0.44923502,0.0,0.98752916,0.0,0.99756765,0.0,0.99999917,0.0,0.8465305,0.0,0.49481684,0.0,-0.99999726,0.0,-0.9826351,0.0
-1.0,-0.095479704,-0.79180974,0.0,-0.4606865,0.0,0.97755265,0.0,0.9985654,0.0,0.99999934,0.0,0.8651018,0.0,0.5121828,0.0,-0.999995,0.0,-0.9877185,0.0
-1.0,-0.095479704,-0.81064224,0.0,-0.47209373,0.0,0.95955336,0.0,0.9991553,0.0,0.9999995,0.0,0.8816252,0.0,0.5287254,0.0,-0.99999076,0.0,-0.99136615,0.0
-1.0,-0.095479704,-0.82698023,0.0,-0.4833943,0.0,0.9275661,0.0,0.9994997,0.0,0.99999964,0.0,0.896856,0.0,0.54447407,0.0,-0.99998283,0.0,-0.9939642,0.0
-1.0,-0.095479704,-0.8412371,0.0,-0.49452558,0.0,0.8724821,0.0,0.9996984,0.0,0.9999997,0.0,0.9115298,0.0,0.5594988,0.0,-0.99996793,0.0,-0.99580276,0.0
-1.0,0.095479704,-0.85374886,0.0,-0.5054299,0.0,0.7828611,0.0,0.9998119,0.0,0.99999976,0.0,0.92625356,0.0,0.57389635,0.0,-0.99993986,0.0,-0.99709624,0.0
-1.0,0.095479704,-0.86478937,0.0,-0.51605755,0.0,0.64975035,0.0,0.9998761,0.0,0.99999976,0.0,0.9412191,0.0,0.58775854,0.0,-0.9998867,0.0,-0.9980013,0.0
-1.0,0.095479704,-0.87458277,0.0,-0.52636826,0.0,0.47571817,0.0,0.9999121,0.0,0.9999998,0.0,0.9558846,0.0,0.60112447,0.0,-0.9997858,0.0,-0.9986309,0.0
-1.0,0.095479704,-0.8833139,0.0,-0.5363315,0.0,0.27983683,0.0,0.9999322,0.0,0.9999998,0.0,0.96908796,0.0,0.61395055,0.0,-0.99959356,0.0,-0.9990662,0.0
-1.0,0.095479704,-0.8911358,0.0,-0.54592574,0.0,0.08860947,0.0,0.99994326,0.0,0.9999998,0.0,0.9797477,0.0,0.62613267,0.0,-0.9992272,0.0,-0.9993653,0.0
-1.0,0.095479704,-0.89817715,0.0,-0.555138,0.0,-0.07916089,0.0,0.9999491,0.0,0.9999998,0.0,0.98748624,0.0,0.6375627,0.0,-0.9985298,0.0,-0.9995697,0.0
-1.0,0.095479704,-0.9045475,0.0,-0.5639624,0.0,-0.21744981,0.0,0.9999516,0.0,0.9999998,0.0,0.99262625,0.0,0.6481722,0.0,-0.99720496,0.0,-0.9997088,0.0
-1.0,0.095479704,-0.9103434,0.0,-0.57239944,0.0,-0.32845584,0.0,0.99995196,0.0,0.99999976,0.0,0.99581295,0.0,0.6579442,0.0,-0.99469745,0.0,-0.99980295,0.0
-1.0,0.095479704,-0.915654,0.0,-0.58045536,0.0,-0.41718587,0.0,0.99995065,0.0,0.99999976,0.0,0.9976892,0.0,0.66690314,0.0,-0.9899775,0.0,-0.99986666,0.0
-1.0,0.095479704,-0.92056894,0.0,-0.58814186,0.0,-0.48863575,0.0,0.99994797,0.0,0.9999997,0.0,0.99875206,0.0,0.6750989,0.0,-0.981166,0.0,-0.9999096,0.0
-1.0,0.095479704,-0.9251883,0.0,-0.59547675,0.0,-0.5468988,0.0,0.999944,0.0,0.99999964,0.0,0.99933714,0.0,0.6825931,0.0,-0.96492964,0.0,-0.9999385,0.0
-1.0,0.095479704,-0.9296372,0.0,-0.6024854,0.0,-0.59510076,0.0,0.99993885,0.0,0.9999996,0.0,0.9996523,0.0,0.68945026,0.0,-0.9356464,0.0,-0.9999578,0.0
-1.0,0.095479704,-0.9340831,0.0,-0.60920316,0.0,-0.6355771,0.0,0.99993235,0.0,0.99999946,0.0,0.9998194,0.0,0.6957324,0.0,-0.8846827,0.0,-0.99997073,0.0
-1.0,0.095479704,-0.9387496,0.0,-0.6156787,0.0,-0.67007536,0.0,0.99992454,0.0,0.99999934,0.0,0.99990684,0.0,0.7014969,0.0,-0.80099064,0.0,-0.99997926,0.0
-1.0,0.095479704,-0.9439015,0.0,-0.6219756,0.0,-0.69991845,0.0,0.9999153,0.0,0.9999992,0.0,0.9999522,0.0,0.70679545,0.0,-0.67526513,0.0,-0.99998486,0.0
-1.0,0.095479704,-0.9497616,0.0,-0.6281668,0.0,-0.7261155,0.0,0.99990445,0.0,0.99999905,0.0,0.99997556,0.0,0.7116742,0.0,-0.5082503,0.0,-0.99998856,0.0
-1.0,0.095479704,-0.95635366,0.0,-0.6343178,0.0,-0.7494251,0.0,0.9998919,0.0,0.9999988,0.0,0.99998754,0.0,0.71617407,0.0,-0.31646505,0.0,-0.9999909,0.0
-1.0,0.095479704,-0.9633845,0.0,-0.64046377,0.0,-0.7703912,0.0,0.99987745,0.0,0.9999985,0.0,0.9999937,0.0,0.7203314,0.0,-0.12542774,0.0,-0.99999243,0.0
-1.0,0.095479704,-0.97033113,0.0,-0.64659554,0.0,-0.7893817,0.0,0.99986106,0.0,0.99999815,0.0,0.9999968,0.0,0.72417814,0.0,0.044774942,0.0,-0.9999935,0.0
-1.0,0.095479704,-0.97668463,0.0,-0.6526673,0.0,-0.80664,0.0,0.9998424,0.0,0.99999774,0.0,0.9999984,0.0,0.72774285,0.0,0.18621078,0.0,-0.99999416,0.0
-1.0,0.095479704,-0.98213005,0.0,-0.6586158,0.0,-0.82233787,0.0,0.99982125,0.0,0.99999714,0.0,0.99999917,0.0,0.7310509,0.0,0.29985923,0.0,-0.9999947,0.0
-1.0,0.095479704,-0.98657006,0.0,-0.66437894,0.0,-0.8366117,0.0,0.9997973,0.0,0.9999964,0.0,0.9999996,0.0,0.7341249,0.0,0.39028275,0.0,-0.999995,0.0
-1.0,0.095479704,-0.9900588,0.0,-0.669906,0.0,-0.8495831,0.0,0.99977005,0.0,0.99999547,0.0,0.99999976,0.0,0.736985,0.0,0.46245947,0.0,-0.99999523,0.0
-1.0,0.095479704,-0.9927266,0.0,-0.675162,0.0,-0.8613666,0.0,0.9997392,0.0,0.99999434,0.0,0.9999999,0.0,0.7396494,0.0,0.52062094,0.0,-0.9999954,0.0
-1.0,0.095479704,-0.9947261,0.0,-0.6801267,0.0,-0.87207156,0.0,0.99970424,0.0,0.99999285,0.0,0.99999994,0.0,0.7421345,0.0,0.56805354,0.0,-0.9999955,0.0
-1.0,0.095479704,-0.9962024,0.0,-0.6847925,0.0,-0.88180125,0.0,0.99966466,0.0,0.99999094,0.0,1.0,0.0,0.74445486,0.0,0.60722387,0.0,-0.99999565,0.0
-1.0,0.095479704,-0.99728,0.0,-0.68916094,0.0,-0.8906518,0.0,0.9996197,0.0,0.99998856,0.0,1.0,0.0,0.74662393,0.0,0.6399661,0.0,-0.99999565,0.0
-1.0,0.095479704,-0.9980598,0.0,-0.6932401,0.0,-0.8987118,0.0,0.9995689,0.0,0.9999856,0.0,1.0,0.0,0.74865377,0.0,0.6676474,0.0,-0.9999957,0.0
-1.0,0.095479704,-0.9986204,0.0,-0.69704235,0.0,-0.9060615,0.0,0.99951136,0.0,0.99998176,0.0,1.0,0.0,0.7505554,0.0,0.69129515,0.0,-0.9999957,0.0
-1.0,0.095479704,-0.9990213,0.0,-0.70058244,0.0,-0.91277313,0.0,0.99944633,0.0,0.999977,0.0,1.0,0.0,0.7523389,0.0,0.7116894,0.0,-0.99999565,0.0
-1.0,0.095479704,-0.9993069,0.0,-0.7038765,0.0,-0.9189113,0.0,0.9993729,0.0,0.9999709,0.0,1.0,0.0,0.7540134,0.0,0.72942966,0.0,-0.99999565,0.0
-1.0,0.095479704,-0.99950975,0.0,-0.7069407,0.0,-0.92453355,0.0,0.99929005,0.0,0.9999632,0.0,1.0,0.0,0.75558746,0.0,0.7449817,0.0,-0.9999956,0.0
-1.0,0.095479704,-0.99965346,0.0,-0.70979124,0.0,-0.9296911,0.0,0.99919665,0.0,0.99995357,0.0,1.0,0.0,0.75706875,0.0,0.758712,0.0,-0.9999955,0.0
-1.0,0.095479704,-0.99975514,0.0,-0.7124435,0.0,-0.9344293,0.0,0.9990915,0.0,0.9999414,0.0,1.0,0.0,0.75846446,0.0,0.77091175,0.0,-0.99999547,0.0
-1.0,0.095479704,-0.999827,0.0,-0.7149122,0.0,-0.9387885,0.0,0.9989733,0.0,0.9999261,0.0,1.0,0.0,0.7597812,0.0,0.7818148,0.0,-0.99999535,0.0
-1.0,-0.095479704,-0.9998778,0.0,-0.717211,0.0,-0.9428046,0.0,0.9988405,0.0,0.9999068,0.0,1.0,0.0,0.76102513,0.0,0.791611,0.0,-0.9999953,0.0
-1.0,-0.095479704,-0.99991363,0.0,-0.71935266,0.0,-0.9465095,0.0,0.9986916,0.0,0.99988246,0.0,1.0,0.0,0.7622019,0.0,0.80045563,0.0,-0.9999952,0.0
-1.0,-0.095479704,-0.9999389,0.0,-0.72134906,0.0,-0.94993156,0.0,0.9985247,0.0,0.99985194,0.0,1.0,0.0,0.7633168,0.0,0.80847687,0.0,-0.99999505,0.0
-1.0,-0.095479704,-0.9999568,0.0,-0.723211,0.0,-0.9530962,0.0,0.9983379,0.0,0.9998136,0.0,1.0,0.0,0.7643748,0.0,0.81578153,0.0,-0.99999493,0.0
-1.0,-0.095479704,-0.99996936,0.0,-0.72494847,0.0,-0.95602614,0.0,0.99812925,0.0,0.9997655,0.0,1.0,0.0,0.7653803,0.0,0.82245904,0.0,-0.9999948,0.0
-1.0,-0.095479704,-0.9999783,0.0,-0.72657067,0.0,-0.9587417,0.0,0.99789625,0.0,0.99970526,0.0,1.0,0.0,0.76633763,0.0,0.82858515,0.0,-0.99999464,0.0
-1.0,-0.095479704,-0.99998456,0.0,-0.7280861,0.0,-0.9612612,0.0,0.99763656,0.0,0.99962974,0.0,1.0,0.0,0.76725066,0.0,0.83422405,0.0,-0.9999945,0.0
-1.0,-0.095479704,-0.99998903,0.0,-0.72950244,0.0,-0.9636011,0.0,0.9973475,0.0,0.9995352,0.0,1.0,0.0,0.7681228,0.0,0.8394308,0.0,-0.99999434,0.0
-1.0,-0.095479704,-0.9999922,0.0,-0.7308269,0.0,-0.9657763,0.0,0.997026,0.0,0.99941707,0.0,1.0,0.0,0.7689573,0.0,0.8442529,0.0,-0.99999416,0.0
-1.0,-0.095479704,-0.99999446,0.0,-0.732066,0.0,-0.96780014,0.0,0.99666923,0.0,0.9992695,0.0,1.0,0.0,0.7697571,0.0,0.84873146,0.0,-0.999994,0.0
-1.0,-0.095479704,-0.99999607,0.0,-0.7332257,0.0,-0.9696848,0.0,0.99627376,0.0,0.99908537,0.0,1.0,0.0,0.7705243,0.0,0.85290253,0.0,-0.9999938,0.0
-1.0,-0.095479704,-0.9999972,0.0,-0.7343116,0.0,-0.9714413,0.0,0.9958359,0.0,0.9988558,0.0,1.0,0.0,0.77126116,0.0,0.85679764,0.0,-0.9999936,0.0
-1.0,-0.095479704,-0.999998,0.0,-0.7353288,0.0,-0.9730797,0.0,0.995352,0.0,0.99856997,0.0,1.0,0.0,0.77196884,0.0,0.8604448,0.0,-0.9999934,0.0
-1.0,-0.095479704,-0.99999857,0.0,-0.736282,0.0,-0.974609,0.0,0.994818,0.0,0.9982143,0.0,1.0,0.0,0.7726481,0.0,0.86386895,0.0,-0.99999315,0.0
-1.0,-0.095479704,-0.999999,0.0,-0.7371755,0.0,-0.9760376,0.0,0.9942296,0.0,0.9977724,0.0,1.0,0.0,0.77329886,0.0,0.8670926,0.0,-0.99999297,0.0
-1.0,-0.095479704,-0.9999992,0.0,-0.73801345,0.0,-0.97737306,0.0,0.99358237,0.0,0.99722385,0.0,1.0,0.0,0.77392024,0.0,0.87013614,0.0,-0.9999927,0.0
-1.0,-0.095479704,-0.99999946,0.0,-0.73879945,0.0,-0.9786223,0.0,0.99287164,0.0,0.99654377,0.0,1.0,0.0,0.77451,0.0,0.8730184,0.0,-0.99999243,0.0
-1.0,-0.095479704,-0.9999996,0.0,-0.739537,0.0,-0.97979164,0.0,0.9920925,0.0,0.99570173,0.0,1.0,0.0,0.7750649,0.0,0.8757567,0.0,-0.9999922,0.0
-1.0,-0.095479704,-0.9999997,0.0,-0.7402292,0.0,-0.98088694,0.0,0.9912399,0.0,0.99466056,0.0,1.0,0.0,0.7755795,0.0,0.8783676,0.0,-0.99999195,0.0
-1.0,-0.095479704,-0.9999998,0.0,-0.7408791,0.0,-0.98191345,0.0,0.9903087,0.0,0.9933752,0.0,1.0,0.0,0.7760469,0.0,0.88086677,0.0,-0.99999166,0.0
-1.0,-0.095479704,-0.9999999,0.0,-0.7414894,0.0,-0.9828762,0.0,0.9892936,0.0,0.9917908,0.0,1.0,0.0,0.77645725,0.0,0.8832696,0.0,-0.99999136,0.0
-1.0,-0.095479704,-0.9999999,0.0,-0.7420627,0.0,-0.9837795,0.0,0.9881893,0.0,0.98984146,0.0,1.0,0.0,0.77679807,0.0,0.88559115,0.0,-0.99999106,0.0
-1.0,-0.095479704,-0.99999994,0.0,-0.7426013,0.0,-0.98462766,0.0,0.9869905,0.0,0.98744816,0.0,1.0,0.0,0.77705306,0.0,0.88784677,0.0,-0.9999907,0.0
-1.0,-0.095479704,-0.99999994,0.0,-0.74310744,0.0,-0.9854244,0.0,0.9856919,0.0,0.9845166,0.0,1.0,0.0,0.77720165,0.0,0.8900519,0.0,-0.9999904,0.0
-1.0,-0.095479704,-0.99999994,0.0,-0.74358314,0.0,-0.98617333,0.0,0.9842884,0.0,0.9809355,0.0,1.0,0.0,0.77721816,0.0,0.8922227,0.0,-0.99999005,0.0
-1.0,-0.095479704,-0.99999994,0.0,-0.74403036,0.0,-0.9868776,0.0,0.98277515,0.0,0.97657454,0.0,1.0,0.0,0.77707076,0.0,0.89437604,0.0,-0.9999897,0.0
-1.0,-0.095479704,-1.0,0.0,-0.74445087,0.0,-0.9875403,0.0,0.9811475,0.0,0.9712833,0.0,1.0,0.0,0.7767204,0.0,0.8965296,0.0,-0.99998933,0.0
-1.0,-0.095479704,-1.0,0.0,-0.7448463,0.0,-0.9881641,0.0,0.9794014,0.0,0.9648905,0.0,1.0,0.0,0.77611977,0.0,0.89870197,0.0,-0.9999889,0.0
-1.0,-0.095479704,-1.0,0.0,-0.7452183,0.0,-0.9887517,0.0,0.97753316,0.0,0.95720506,0.0,1.0,0.0,0.77521193,0.0,0.90091264,0.0,-0.9999885,0.0
-1.0,-0.095479704,-1.0,0.0,-0.74556816,0.0,-0.98930544,0.0,0.9755398,0.0,0.9480192,0.0,1.0,0.0,0.7739292,0.0,0.9031818,0.0,-0.999988,0.0
-1.0,-0.095479704,-1.0,0.0,-0.7458974,0.0,-0.98982745,0.0,0.9734191,0.0,0.93711424,0.0,1.0,0.0,0.7721918,0.0,0.9055296,0.0,-0.99998754,0.0
-1.0,-0.095479704,-1.0,0.0,-0.7462072,0.0,-0.9903198,0.0,0.97116953,0.0,0.92426974,0.0,1.0,0.0,0.76990724,0.0,0.90797603,0.0,-0.99998707,0.0
-1.0,-0.095479704,-1.0,0.0,-0.7464987,0.0,-0.99078447,0.0,0.9687909,0.0,0.90927744,0.0,1.0,0.0,0.7669693,0.0,0.9105392,0.0,-0.9999865,0.0
-1.0,-0.095479704,-1.0,0.0,-0.7467731,0.0,-0.9912231,0.0,0.9662837,0.0,0.89195853,0.0,1.0,0.0,0.76325846,0.0,0.91323453,0.0,-0.99998593,0.0
-1.0,-0.095479704,-1.0,0.0,-0.74703145,0.0,-0.9916374,0.0,0.96364987,0.0,0.8721849,0.0,1.0,0.0,0.7586423,0.0,0.91607296,0.0,-0.9999853,0.0
-1.0,0.095479704,-1.0,0.0,-0.74727464,0.0,-0.99202895,0.0,0.9608924,0.0,0.8499016,0.0,1.0,0.0,0.75297755,0.0,0.9190593,0.0,-0.9999846,0.0
-0.9999998,0.095479704,-1.0,0.0,-0.74750364,0.0,-0.99239904,0.0,0.95801574,0.0,0.8251483,0.0,1.0,0.0,0.74611324,0.0,0.92219055,0.0,-0.99998385,0.0
-0.99999744,0.095479704,-1.0,0.0,-0.74771917,0.0,-0.9927491,0.0,0.95502555,0.0,0.7980741,0.0,1.0,0.0,0.7378954,0.0,0.9254549,0.0,-0.999983,0.0
-0.9999655,0.095479704,-1.0,0.0,-0.7479203,0.0,-0.9930803,0.0,0.95192885,0.0,0.7689444,0.0,1.0,0.0,0.7281734,0.0,0.9288309,0.0,-0.99998206,0.0
-0.9995231,0.095479704,-1.0,0.0,-0.7480833,0.0,-0.99339473,0.0,0.94873315,0.0,0.73813236,0.0,1.0,0.0,0.7168073,0.0,0.93228817,0.0,-0.999981,0.0
-0.9932618,0.095479704,-1.0,0.0,-0.7478638,0.0,-0.99370414,0.0,0.9454371,0.0,0.7060846,0.0,1.0,0.0,0.70367724,0.0,0.9357889,0.0,-0.9999798,0.0
-0.9075932,0.095479704,-1.0,0.0,-0.7425011,0.0,-0.99414766,0.0,0.94188964,0.0,0.673061,0.0,1.0,0.0,0.6886858,0.0,0.9392939,0.0,-0.9999784,0.0
-0.2973517,0.095479704,-1.0,0.0,-0.6973437,0.0,-0.9954499,0.0,0.9367515,0.0,0.63740355,0.0,1.0,0.0,0.6717103,0.0,0.94279057,0.0,-0.9999768,0.0
-0.09362843,0.095479704,-1.0,0.0,-0.63305277,0.0,-0.99659693,0.0,0.9290301,0.0,0.59811264,0.0,1.0,0.0,0.65262866,0.0,0.94627726,0.0,-0.99997497,0.0
-0.1844811,0.095479704,-1.0,0.0,-0.5726206,0.0,-0.99731094,0.0,0.9182442,0.0,0.55534005,0.0,1.0,0.0,0.6313795,0.0,0.94974625,0.0,-0.9999728,0.0
-0.08780793,0.095479704,-1.0,0.0,-0.5012112,0.0,-0.9978789,0.0,0.90299135,0.0,0.5082773,0.0,1.0,0.0,0.6079762,0.0,0.9531969,0.0,-0.99997026,0.0
-0.108667254,0.095479704,-1.0,0.0,-0.43191323,0.0,-0.99826676,0.0,0.88197196,0.0,0.45680636,0.0,1.0,0.0,0.5825794,0.0,0.9566266,0.0,-0.9999673,0.0
-0.049934737,0.095479704,-1.0,0.0,-0.35774615,0.0,-0.99856776,0.0,0.8530257,0.0,0.4001738,0.0,1.0,0.0,0.5555448,0.0,0.9600383,0.0,-0.9999637,0.0
-0.041546736,0.095479704,-1.0,0.0,-0.28623468,0.0,-0.9987849,0.0,0.8140074,0.0,0.33798555,0.0,1.0,0.0,0.5274801,0.0,0.9634357,0.0,-0.9999594,0.0
0.0019652743,0.095479704,-1.0,0.0,-0.21424644,0.0,-0.9989536,0.0,0.762429,0.0,0.26943976,0.0,1.0,0.0,0.49924973,0.0,0.9668252,0.0,-0.9999543,0.0
0.022028206,0.095479704,-1.0,0.0,-0.14593393,0.0,-0.99907976,0.0,0.696761,0.0,0.19406408,0.0,1.0,0.0,0.47189027,0.0,0.97020924,0.0,-0.9999481,0.0
0.05652964,0.095479704,-1.0,0.0,-0.07996321,0.0,-0.9991783,0.0,0.61688244,0.0,0.111555986,0.0,1.0,0.0,0.4464243,0.0,0.9735808,0.0,-0.9999407,0.0
0.0784285,0.095479704,-1.0,0.0,-0.018476112,0.0,-0.99925333,0.0,0.5253471,0.0,0.0225318,0.0,1.0,0.0,0.4235879,0.0,0.9769135,0.0,-0.9999318,0.0
0.10473186,0.095479704,-1.0,0.0,0.039118607,0.0,-0.99931175,0.0,0.426916,0.0,-0.071405225,0.0,1.0,0.0,0.4036319,0.0,0.9801586,0.0,-0.99992114,0.0
0.12365654,0.095479704,-1.0,0.0,0.091938816,0.0,-0.99935603,0.0,0.32761458,0.0,-0.16755167,0.0,1.0,0.0,0.38629165,0.0,0.9832482,0.0,-0.99990845,0.0
0.14323801,0.095479704,-1.0,0.0,0.14044608,0.0,-0.9993897,0.0,0.23272485,0.0,-0.26272675,0.0,1.0,0.0,0.37097418,0.0,0.98610896,0.0,-0.9998933,0.0
0.15896071,0.095479704,-1.0,0.0,0.18455149,0.0,-0.99941444,0.0,0.14577632,0.0,-0.35389844,0.0,1.0,0.0,0.35700938,0.0,0.9886789,0.0,-0.9998752,0.0
0.17458901,0.095479704,-1.0,0.0,0.22475313,0.0,-0.9994321,0.0,0.06825099,0.0,-0.43877396,0.0,1.0,0.0,0.3438535,0.0,0.9909189,0.0,-0.99985355,0.0
0.18843895,0.095479704,-1.0,0.0,0.26131207,0.0,-0.99944377,0.0,1.8461049E-4,0.0,-0.5159711,0.0,1.0,0.0,0.3311705,0.0,0.9928176,0.0,-0.9998276,0.0
0.2020321,0.095479704,-1.0,0.0,0.29467735,0.0,-0.99945056,0.0,-0.059230488,0.0,-0.58494824,0.0,1.0,0.0,0.3188287,0.0,0.99438757,0.0,-0.99979657,0.0
0.21464121,0.095479704,-1.0,0.0,0.3251613,0.0,-0.999453,0.0,-0.1111064,0.0,-0.64577305,0.0,1.0,0.0,0.30684975,0.0,0.9956586,0.0,-0.9997593,0.0
0.22674082,0.095479704,-1.0,0.0,0.35310006,0.0,-0.9994517,0.0,-0.15658668,0.0,-0.69889504,0.0,1.0,0.0,0.29535088,0.0,0.99666953,0.0,-0.99971455,0.0
0.23795827,0.095479704,-1.0,0.0,0.37874308,0.0,-0.9994469,0.0,-0.19669628,0.0,-0.7449595,0.0,1.0,0.0,0.2844939,0.0,0.99746215,0.0,-0.9996608,0.0
0.24837081,0.095479704,-1.0,0.0,0.40231714,0.0,-0.999439,0.0,-0.23230363,0.0,-0.78468543,0.0,1.0,0.0,0.2744487,0.0,0.9980763,0.0,-0.9995961,0.0
0.25777584,0.095479704,-1.0,0.0,0.42399603,0.0,-0.999428,0.0,-0.26411644,0.0,-0.81879187,0.0,1.0,0.0,0.26536864,0.0,0.9985479,0.0,-0.9995184,0.0
0.26614857,0.095479704,-1.0,0.0,0.44392818,0.0,-0.99941397,0.0,-0.29270282,0.0,-0.8479595,0.0,1.0,0.0,0.2573766,0.0,0.9989073,0.0,-0.999425,0.0
0.2733936,0.095479704,-1.0,0.0,0.46223205,0.0,-0.99939686,0.0,-0.31851435,0.0,-0.87281305,0.0,1.0,0.0,0.2505583,0.0,0.9991797,0.0,-0.9993129,0.0
0.27949724,0.095479704,-1.0,0.0,0.479009,0.0,-0.99937665,0.0,-0.34190962,0.0,-0.893916,0.0,1.0,0.0,0.24496062,0.0,0.9993853,0.0,-0.99917847,0.0
0.2844437,0.095479704,-1.0,0.0,0.49434513,0.0,-0.9993531,0.0,-0.36317444,0.0,-0.9117715,0.0,1.0,0.0,0.24059372,0.0,0.9995399,0.0,-0.99901766,0.0
0.2736042,-0.095479704,-1.0,0.0,0.5068452,0.0,-0.9993233,0.0,-0.3821982,0.0,-0.92680234,0.0,1.0,0.0,0.23738901,0.0,0.9996559,0.0,-0.9988255,0.0
0.28439134,-0.095479704,-1.0,0.0,0.5190318,0.0,-0.99929154,0.0,-0.39948094,0.0,-0.9394247,0.0,1.0,0.0,0.2352975,0.0,0.99974275,0.0,-0.99859643,0.0
0.2818399,-0.095479704,-1.0,0.0,0.52963454,0.0,-0.9992549,0.0,-0.41510272,0.0,-0.94998497,0.0,1.0,0.0,0.23423707,0.0,0.9998078,0.0,-0.9983239,0.0
0.28512156,-0.095479704,-1.0,0.0,0.53941095,0.0,-0.99921453,0.0,-0.4292913,0.0,-0.9587941,0.0,1.0,0.0,0.23412313,0.0,0.9998563,0.0,-0.9980006,0.0
0.2839686,-0.095479704,-1.0,0.0,0.5480361,0.0,-0.9991693,0.0,-0.4421444,0.0,-0.9661189,0.0,1.0,0.0,0.23485665,0.0,0.9998926,0.0,-0.99761796,0.0
0.28408918,-0.095479704,-1.0,0.0,0.5557619,0.0,-0.9991193,0.0,-0.45378876,0.0,-0.97219175,0.0,1.0,0.0,0.23633543,0.0,0.9999197,0.0,-0.9971662,0.0
0.28255528,-0.095479704,-1.0,0.0,0.5625329,0.0,-0.9990638,0.0,-0.464307,0.0,-0.9772124,0.0,1.0,0.0,0.23845291,0.0,0.9999399,0.0,-0.99663436,0.0
0.28111288,-0.095479704,-1.0,0.0,0.56845796,0.0,-0.9990025,0.0,-0.47378343,0.0,-0.98135227,0.0,1.0,0.0,0.24110337,0.0,0.99995506,0.0,-0.99600995,0.0
0.278981,-0.095479704,-1.0,0.0,0.5735579,0.0,-0.998935,0.0,-0.48228535,0.0,-0.9847576,0.0,1.0,0.0,0.24418302,0.0,0.9999664,0.0,-0.9952789,0.0
0.2767451,-0.095479704,-1.0,0.0,0.57790047,0.0,-0.9988608,0.0,-0.48987684,0.0,-0.9875526,0.0,1.0,0.0,0.24759269,0.0,0.9999748,0.0,-0.99442536,0.0
0.27424434,-0.095479704,-1.0,0.0,0.58152723,0.0,-0.99877936,0.0,-0.49661407,0.0,-0.98984206,0.0,1.0,0.0,0.25123897,0.0,0.9999811,0.0,-0.9934315,0.0
0.27171788,-0.095479704,-1.0,0.0,0.5844926,0.0,-0.9986903,0.0,-0.50255,0.0,-0.9917143,0.0,1.0,0.0,0.25503546,0.0,0.9999858,0.0,-0.99227756,0.0
0.26917934,-0.095479704,-1.0,0.0,0.5868426,0.0,-0.99859315,0.0,-0.5077335,0.0,-0.9932431,0.0,1.0,0.0,0.25890335,0.0,0.9999894,0.0,-0.99094135,0.0
0.26675755,-0.095479704,-1.0,0.0,0.5886255,0.0,-0.9984875,0.0,-0.51221067,0.0,-0.99448997,0.0,1.0,0.0,0.26277187,0.0,0.999992,0.0,-0.98939824,0.0
0.26450866,-0.095479704,-1.0,0.0,0.58988565,0.0,-0.99837285,0.0,-0.5160252,0.0,-0.99550587,0.0,1.0,0.0,0.26657844,0.0,0.999994,0.0,-0.98762107,0.0
0.26252145,-0.095479704,-1.0,0.0,0.5906668,0.0,-0.99824893,0.0,-0.51921844,0.0,-0.99633306,0.0,1.0,0.0,0.27026838,0.0,0.99999547,0.0,-0.9855797,0.0
0.26085794,-0.095479704,-1.0,0.0,0.59100956,0.0,-0.9981155,0.0,-0.5218298,0.0,-0.99700624,0.0,1.0,0.0,0.2737948,0.0,0.9999966,0.0,-0.98324126,0.0
0.25958753,-0.095479704,-1.0,0.0,0.5909525,0.0,-0.9979723,0.0,-0.5238969,0.0,-0.997554,0.0,1.0,0.0,0.277118,0.0,0.99999744,0.0,-0.98056954,0.0
0.25876907,-0.095479704,-1.0,0.0,0.59053135,0.0,-0.99781936,0.0,-0.5254556,0.0,-0.99799967,0.0,1.0,0.0,0.2802052,0.0,0.99999803,0.0,-0.9775254,0.0
0.25846085,-0.095479704,-1.0,0.0,0.58977896,0.0,-0.9976568,0.0,-0.52653986,0.0,-0.99836236,0.0,1.0,0.0,0.2830297,0.0,0.9999985,0.0,-0.9740664,0.0
0.2587166,-0.095479704,-1.0,0.0,0.5887249,0.0,-0.9974849,0.0,-0.5271819,0.0,-0.99865764,0.0,1.0,0.0,0.28557053,0.0,0.99999887,0.0,-0.97014713,0.0
0.25958797,-0.095479704,-1.0,0.0,0.58739567,0.0,-0.99730414,0.0,-0.5274122,0.0,-0.99889815,0.0,1.0,0.0,0.28781167,0.0,0.99999917,0.0,-0.96571916,0.0
0.2611242,-0.095479704,-1.0,0.0,0.5858143,0.0,-0.9971154,0.0,-0.527259,0.0,-0.99909425,0.0,1.0,0.0,0.2897415,0.0,0.99999934,0.0,-0.9607316,0.0
0.26337212,-0.095479704,-1.0,0.0,0.5840002,0.0,-0.9969195,0.0,-0.52674866,0.0,-0.99925417,0.0,1.0,0.0,0.29135218,0.0,0.9999995,0.0,-0.9551314,0.0
0.26637727,-0.095479704,-1.0,0.0,0.5819692,0.0,-0.99671805,0.0,-0.52590513,0.0,-0.9993848,0.0,1.0,0.0,0.29263923,0.0,0.99999964,0.0,-0.94886416,0.0
0.27018225,-0.095479704,-1.0,0.0,0.5797336,0.0,-0.99651265,0.0,-0.5247503,0.0,-0.99949163,0.0,1.0,0.0,0.29360065,0.0,0.9999997,0.0,-0.941875,0.0
0.27482843,-0.095479704,-1.0,0.0,0.5773021,0.0,-0.99630535,0.0,-0.5233035,0.0,-0.99957913,0.0,1.0,0.0,0.29423666,0.0,0.99999976,0.0,-0.93410945,0.0
0.28035355,-0.095479704,-1.0,0.0,0.5746797,0.0,-0.9960987,0.0,-0.52158153,0.0,-0.99965084,0.0,1.0,0.0,0.2945491,0.0,0.9999998,0.0,-0.9255155,0.0
0.28679237,-0.095479704,-0.99999994,0.0,0.5718683,0.0,-0.9958955,0.0,-0.51959866,0.0,-0.9997097,0.0,1.0,0.0,0.29454103,0.0,0.9999999,0.0,-0.9160444,0.0
0.29417503,-0.095479704,-0.99999994,0.0,0.5688666,0.0,-0.9956989,0.0,-0.51736647,0.0,-0.9997581,0.0,1.0,0.0,0.2942162,0.0,0.9999999,0.0,-0.9056532,0.0
0.30252668,-0.095479704,-0.99999994,0.0,0.5656706,0.0,-0.9955125,0.0,-0.5148942,0.0,-0.999798,0.0,0.99999994,0.0,0.29357874,0.0,0.99999994,0.0,-0.89430624,0.0
0.31186545,-0.095479704,-0.99999994,0.0,0.5622739,0.0,-0.99534,0.0,-0.5121884,0.0,-0.99983096,0.0,0.9999999,0.0,0.29263294,0.0,0.99999994,0.0,-0.88197744,0.0
0.32220146,-0.095479704,-0.99999994,0.0,0.5586685,0.0,-0.9951853,0.0,-0.50925326,0.0,-0.99985814,0.0,0.9999998,0.0,0.2913827,0.0,0.99999994,0.0,-0.8686523,0.0
0.33353654,-0.095479704,-0.99999994,0.0,0.554845,0.0,-0.9950524,0.0,-0.50609094,0.0,-0.9998807,0.0,0.9999997,0.0,0.28983155,0.0,0.99999994,0.0,-0.8543296,0.0
0.3458615,-0.095479704,-0.99999994,0.0,0.55079347,0.0,-0.9949451,0.0,-0.50270176,0.0,-0.9998994,0.0,0.99999946,0.0,0.28798229,0.0,1.0,0.0,-0.839023,0.0
0.3729377,0.095479704,-0.99999994,0.0,0.54781085,0.0,-0.9948873,0.0,-0.49935272,0.0,-0.99991494,0.0,0.999999,0.0,0.28587472,0.0,1.0,0.0,-0.8227636,0.0
0.38082674,0.095479704,-0.9999999,0.0,0.54387814,0.0,-0.9948502,0.0,-0.49584663,0.0,-0.9999279,0.0,0.9999982,0.0,0.28351617,0.0,1.0,0.0,-0.80559963,0.0
0.39860502,0.095479704,-0.9999999,0.0,0.5399022,0.0,-0.99485075,0.0,-0.49221042,0.0,-0.9999387,0.0,0.99999684,0.0,0.2809168,0.0,1.0,0.0,-0.787596,0.0
0.41327208,0.095479704,-0.9999999,0.0,0.5354842,0.0,-0.99488425,0.0,-0.48838338,0.0,-0.99994785,0.0,0.9999944,0.0,0.27807695,0.0,1.0,0.0,-0.7688332,0.0
0.43027508,0.095479704,-0.9999998,0.0,0.5307897,0.0,-0.9949541,0.0,-0.48435047,0.0,-0.9999554,0.0,0.9999903,0.0,0.27499455,0.0,1.0,0.0,-0.74940515,0.0
0.44729656,0.095479704,-0.99999976,0.0,0.52575827,0.0,-0.9950591,0.0,-0.48008662,0.0,-0.9999618,0.0,0.9999832,0.0,0.27166405,0.0,1.0,0.0,-0.72941613,0.0
0.4651271,0.095479704,-0.99999976,0.0,0.520424,0.0,-0.99519855,0.0,-0.4755782,0.0,-0.9999672,0.0,0.9999711,0.0,0.26807824,0.0,1.0,0.0,-0.70897734,0.0
0.48337168,0.095479704,-0.9999997,0.0,0.5147935,0.0,-0.99537015,0.0,-0.47081485,0.0,-0.99997175,0.0,0.99995065,0.0,0.2642288,0.0,1.0,0.0,-0.6882033,0.0
0.5020573,0.095479704,-0.9999996,0.0,0.5088899,0.0,-0.9955711,0.0,-0.46579254,0.0,-0.99997556,0.0,0.99991643,0.0,0.26010713,0.0,1.0,0.0,-0.6672076,0.0
0.5210721,0.095479704,-0.99999946,0.0,0.5027383,0.0,-0.99579734,0.0,-0.46051243,0.0,-0.9999788,0.0,0.9998596,0.0,0.25570482,0.0,1.0,0.0,-0.6460995,0.0
0.54035014,0.095479704,-0.99999934,0.0,0.4963694,0.0,-0.9960446,0.0,-0.45498115,0.0,-0.9999816,0.0,0.99976575,0.0,0.25101382,0.0,1.0,0.0,-0.6249798,0.0
0.55982083,0.095479704,-0.99999917,0.0,0.48981795,0.0,-0.99630785,0.0,-0.44921058,0.0,-0.9999839,0.0,0.99961215,0.0,0.24602629,0.0,1.0,0.0,-0.6039377,0.0
0.5794236,0.095479704,-0.99999887,0.0,0.48312202,0.0,-0.99658203,0.0,-0.44321784,0.0,-0.99998593,0.0,0.9993629,0.0,0.24073417,0.0,1.0,0.0,-0.5830475,0.0
0.599108,0.095479704,-0.9999985,0.0,0.47632197,0.0,-0.996862,0.0,-0.4370246,0.0,-0.9999876,0.0,0.99896157,0.0,0.23512775,0.0,1.0,0.0,-0.56236535,0.0
0.61883724,0.095479704,-0.999998,0.0,0.46945906,0.0,-0.9971427,0.0,-0.43065676,0.0,-0.9999891,0.0,0.99832076,0.0,0.2291933,0.0,1.0,0.0,-0.54192543,0.0
0.6385907,0.095479704,-0.9999973,0.0,0.46257448,0.0,-0.99741954,0.0,-0.42414355,0.0,-0.99999034,0.0,0.99730635,0.0,0.2229095,0.0,1.0,0.0,-0.5217349,0.0
0.65837014,0.095479704,-0.9999963,0.0,0.45570785,0.0,-0.99768853,0.0,-0.41751692,0.0,-0.9999914,0.0,0.9957144,0.0,0.21624143,0.0,1.0,0.0,-0.50176644,0.0
0.6782062,0.095479704,-0.99999493,0.0,0.44889557,0.0,-0.99794614,0.0,-0.41081023,0.0,-0.9999924,0.0,0.9932397,0.0,0.20913221,0.0,1.0,0.0,-0.4819478,0.0
0.69816756,0.095479704,-0.99999297,0.0,0.442169,0.0,-0.9981897,0.0,-0.4040571,0.0,-0.99999315,0.0,0.989431,0.0,0.20149045,0.0,1.0,0.0,-0.46214572,0.0
0.7183747,0.095479704,-0.9999901,0.0,0.43555197,0.0,-0.99841714,0.0,-0.39728963,0.0,-0.99999386,0.0,0.9836344,0.0,0.19317327,0.0,1.0,0.0,-0.44214255,0.0
0.739014,0.095479704,-0.99998593,0.0,0.42905667,0.0,-0.99862707,0.0,-0.3905364,0.0,-0.99999446,0.0,0.9749249,0.0,0.18396339,0.0,1.0,0.0,-0.42160416,0.0
0.7603527,0.095479704,-0.9999799,0.0,0.42267713,0.0,-0.99881893,0.0,-0.3838188,0.0,-0.999995,0.0,0.96203756,0.0,0.17354119,0.0,1.0,0.0,-0.40003684,0.0
0.7827452,0.095479704,-0.9999709,0.0,0.41637775,0.0,-0.99899244,0.0,-0.37714592,0.0,-0.99999547,0.0,0.9433233,0.0,0.16145375,0.0,1.0,0.0,-0.37673587,0.0
0.806615,0.095479704,-0.9999574,0.0,0.41007343,0.0,-0.99914813,0.0,-0.3705055,0.0,-0.9999959,0.0,0.91678184,0.0,0.14708896,0.0,1.0,0.0,-0.35073203,0.0
0.8323801,0.095479704,-0.9999368,0.0,0.40359488,0.0,-0.9992865,0.0,-0.3638487,0.0,-0.99999624,0.0,0.8802485,0.0,0.12966888,0.0,1.0,0.0,-0.3207549,0.0
0.8602781,0.095479704,-0.99990505,0.0,0.39663133,0.0,-0.9994085,0.0,-0.35706466,0.0,-0.99999654,0.0,0.83182025,0.0,0.10828518,0.0,1.0,0.0,-0.2852453,0.0
0.8900436,0.095479704,-0.99985486,0.0,0.38864094,0.0,-0.9995151,0.0,-0.3499388,0.0,-0.99999684,0.0,0.7705327,0.0,0.08199898,0.0,1.0,0.0,-0.24246396,0.0
0.9204692,0.095479704,-0.99977416,0.0,0.3787297,0.0,-0.99960726,0.0,-0.34209096,0.0,-0.9999971,0.0,0.6971247,0.0,0.050010454,0.0,1.0,0.0,-0.19073725,0.0
0.9490931,0.095479704,-0.9996416,0.0,0.36552975,0.0,-0.9996859,0.0,-0.3328961,0.0,-0.99999726,0.0,0.6145098,0.0,0.011862013,0.0,1.0,0.0,-0.12884322,0.0
0.97258437,0.095479704,-0.9994195,0.0,0.34717077,0.0,-0.999752,0.0,-0.32141215,0.0,-0.99999744,0.0,0.52755946,0.0,-0.032402262,0.0,1.0,0.0,-0.056460768,0.0
0.9883185,0.095479704,-0.99904066,0.0,0.32148862,0.0,-0.99980664,0.0,-0.30636886,0.0,-0.9999976,0.0,0.44215444,0.0,-0.08219869,0.0,1.0,0.0,0.025475495,0.0
0.9963073,0.095479704,-0.99838287,0.0,0.28651902,0.0,-0.99985135,0.0,-0.2862767,0.0,-0.99999774,0.0,0.36395174,0.0,-0.13650565,0.0,1.0,0.0,0.11469139,0.0
0.9991793,0.095479704,-0.99722004,0.0,0.24105494,0.0,-0.9998875,0.0,-0.25966167,0.0,-0.9999978,0.0,0.2974555,0.0,-0.19404806,0.0,1.0,0.0,0.20785244,0.0
0.99987584,0.095479704,-0.99512756,0.0,0.18497291,0.0,-0.9999165,0.0,-0.22537757,0.0,-0.99999785,0.0,0.24566118,0.0,-0.25347698,0.0,1.0,0.0,0.3011391,0.0
0.9999873,0.095479704,-0.9913019,0.0,0.11932887,0.0,-0.99993926,0.0,-0.1829722,0.0,-0.9999978,0.0,0.21013208,0.0,-0.3134789,0.0,1.0,0.0,0.3909152,0.0
0.9999991,-0.095479704,-0.98422277,0.0,0.046361372,0.0,-0.9999568,0.0,-0.13311964,0.0,-0.99999774,0.0,0.19119525,0.0,-0.3727973,0.0,1.0,0.0,0.47426704,0.0
0.99999994,-0.095479704,-0.9710465,0.0,-0.030598108,0.0,-0.9999699,0.0,-0.07810593,0.0,-0.9999976,0.0,0.1880213,0.0,-0.43019295,0.0,1.0,0.0,0.5492875,0.0
1.0,-0.095479704,-0.94661534,0.0,-0.10732392,0.0,-0.9999794,0.0,-0.022316456,0.0,-0.9999974,0.0,0.19850914,0.0,-0.4843881,0.0,1.0,0.0,0.61510617,0.0
1.0,-0.095479704,-0.90218216,0.0,-0.17892072,0.0,-0.99998593,0.0,0.027332727,0.0,-0.9999971,0.0,0.21903124,0.0,-0.5340303,0.0,1.0,0.0,0.6717453,0.0
1.0,-0.095479704,-0.82485306,0.0,-0.240022,0.0,-0.9999902,0.0,0.061177928,0.0,-0.99999666,0.0,0.24418983,0.0,-0.57768863,0.0,1.0,0.0,0.71989334,0.0
1.0,-0.095479704,-0.70069975,0.0,-0.28517812,0.0,-0.99999297,0.0,0.06741963,0.0,-0.9999962,0.0,0.26682547,0.0,-0.6139016,0.0,1.0,0.0,0.7606617,0.0
1.0,-0.095479704,-0.5249021,0.0,-0.30989408,0.0,-0.9999945,0.0,0.03487597,0.0,-0.9999956,0.0,0.2785972,0.0,-0.64133924,0.0,1.0,0.0,0.7953583,0.0
1.0,-0.095479704,-0.31338924,0.0,-0.3122406,0.0,-0.9999953,0.0,-0.041500546,0.0,-0.9999951,0.0,0.27133447,0.0,-0.6591331,0.0,1.0,0.0,0.8252879,0.0
1.0,-0.095479704,-0.0983834,0.0,-0.29370302,0.0,-0.99999547,0.0,-0.15556388,0.0,-0.9999947,0.0,0.23887198,0.0,-0.667269,0.0,1.0,0.0,0.85158646,0.0
1.0,-0.095479704,0.09262064,0.0,-0.25828597,0.0,-0.9999952,0.0,-0.29112482,0.0,-0.99999446,0.0,0.17867596,0.0,-0.66677445,0.0,1.0,0.0,0.87510026,0.0
1.0,-0.095479704,0.24899732,0.0,-0.21088214,0.0,-0.9999944,0.0,-0.42953432,0.0,-0.9999945,0.0,0.09273934,0.0,-0.6595444,0.0,1.0,0.0,0.8963247,0.0
1.0,-0.095479704,0.37252307,0.0,-0.1561371,0.0,-0.999993,0.0,-0.5568949,0.0,-0.9999948,0.0,-0.012566032,0.0,-0.6479108,0.0,1.0,0.0,0.91542363,0.0
1.0,-0.095479704,0.46937907,0.0,-0.09793796,0.0,-0.99999064,0.0,-0.66610754,0.0,-0.99999523,0.0,-0.12796491,0.0,-0.63417274,0.0,1.0,0.0,0.9323357,0.0
1.0,-0.095479704,0.54582214,0.0,-0.03924824,0.0,-0.99998677,0.0,-0.7552242,0.0,-0.99999577,0.0,-0.24379794,0.0,-0.6202541,0.0,1.0,0.0,0.9469331,0.0
1.0,-0.095479704,0.6068814,0.0,0.017874181,0.0,-0.9999804,0.0,-0.82519656,0.0,-0.99999636,0.0,-0.35240018,0.0,-0.60754967,0.0,0.99999994,0.0,0.95916086,0.0
1.0,-0.095479704,0.6563021,0.0,0.07214827,0.0,-0.9999697,0.0,-0.8783295,0.0,-0.99999696,0.0,-0.44921556,0.0,-0.5969306,0.0,0.99999994,0.0,0.96910155,0.0
1.0,-0.095479704,0.69681567,0.0,0.122889325,0.0,-0.99995154,0.0,-0.9174253,0.0,-0.9999975,0.0,-0.53256565,0.0,-0.5888354,0.0,0.9999999,0.0,0.97696596,0.0
1.0,-0.095479704,0.7304181,0.0,0.16982788,0.0,-0.9999202,0.0,-0.9453236,0.0,-0.999998,0.0,-0.60274833,0.0,-0.5833813,0.0,0.9999998,0.0,0.9830439,0.0
1.0,-0.095479704,0.75858545,0.0,0.21295929,0.0,-0.99986506,0.0,-0.9646441,0.0,-0.99999833,0.0,-0.66111225,0.0,-0.5804649,0.0,0.9999997,0.0,0.98765033,0.0
1.0,-0.095479704,0.7824252,0.0,0.25243384,0.0,-0.9997667,0.0,-0.977643,0.0,-0.9999987,0.0,-0.7093908,0.0,-0.57984436,0.0,0.99999946,0.0,0.99108595,0.0
1.0,-0.095479704,0.8027802,0.0,0.28848276,0.0,-0.99958897,0.0,-0.9861526,0.0,-0.9999989,0.0,-0.7493178,0.0,-0.5812026,0.0,0.99999905,0.0,0.9936147,0.0
1.0,-0.095479704,0.82030046,0.0,0.3213721,0.0,-0.99926394,0.0,-0.99158335,0.0,-0.99999917,0.0,-0.78244686,0.0,-0.5841958,0.0,0.9999982,0.0,0.99545574,0.0
1.0,-0.095479704,0.83549315,0.0,0.35137528,0.0,-0.9986636,0.0,-0.99496967,0.0,-0.99999934,0.0,-0.8100928,0.0,-0.5884867,0.0,0.9999967,0.0,0.996784,0.0
1.0,-0.095479704,0.8487583,0.0,0.37875775,0.0,-0.9975453,0.0,-0.9970374,0.0,-0.9999995,0.0,-0.83333725,0.0,-0.59376687,0.0,0.9999939,0.0,0.99773496,0.0
1.0,-0.095479704,0.86041427,0.0,0.4037691,0.0,-0.99544847,0.0,-0.99827677,0.0,-0.9999996,0.0,-0.85306257,0.0,-0.59976864,0.0,0.9999886,0.0,0.9984114,0.0
1.0,-0.095479704,0.8707168,0.0,0.42663953,0.0,-0.99149984,0.0,-0.9990076,0.0,-0.9999997,0.0,-0.8699978,0.0,-0.60627043,0.0,0.9999788,0.0,0.9988899,0.0
1.0,-0.095479704,0.87987286,0.0,0.44757876,0.0,-0.98405635,0.0,-0.99943227,0.0,-0.99999976,0.0,-0.884769,0.0,-0.6130975,0.0,0.99996036,0.0,0.9992268,0.0
1.0,-0.095479704,0.8880514,0.0,0.46677643,0.0,-0.9700812,0.0,-0.999676,0.0,-0.9999998,0.0,-0.89795256,0.0,-0.6201216,0.0,0.9999257,0.0,0.999463,0.0
1.0,-0.095479704,0.8953913,0.0,0.48440316,0.0,-0.9441716,0.0,-0.9998142,0.0,-0.9999999,0.0,-0.91012657,0.0,-0.6272603,0.0,0.9998605,0.0,0.99962807,0.0
1.0,-0.095479704,0.9020078,0.0,0.50061196,0.0,-0.8974247,0.0,-0.9998919,0.0,-0.9999999,0.0,-0.9219003,0.0,-0.6344755,0.0,0.99973774,0.0,0.9997431,0.0
1.0,-0.095479704,0.9079972,0.0,0.51554,0.0,-0.8172873,0.0,-0.9999351,0.0,-0.9999999,0.0,-0.9338604,0.0,-0.6417676,0.0,0.99950624,0.0,0.999823,0.0
1.0,-0.095479704,0.91344094,0.0,0.52931,0.0,-0.69127893,0.0,-0.99995893,0.0,-0.99999994,0.0,-0.94633836,0.0,-0.64915526,0.0,0.99906886,0.0,0.99987835,0.0
1.0,-0.095479704,0.91840917,0.0,0.5420317,0.0,-0.5169987,0.0,-0.9999719,0.0,-0.99999994,0.0,-0.95903414,0.0,-0.65663487,0.0,0.9982412,0.0,0.9999166,0.0
1.0,-0.095479704,0.9229637,0.0,0.55380386,0.0,-0.31166372,0.0,-0.9999791,0.0,-0.99999994,0.0,-0.97091776,0.0,-0.6641417,0.0,0.9966748,0.0,0.999943,0.0
1.0,0.095479704,0.9271615,0.0,0.5647153,0.0,-0.10574626,0.0,-0.9999829,0.0,-0.99999994,0.0,-0.9808083,0.0,-0.6715508,0.0,0.9937157,0.0,0.9999611,0.0
1.0,0.095479704,0.9310596,0.0,0.57484674,0.0,0.076289296,0.0,-0.9999849,0.0,-0.99999994,0.0,-0.9881218,0.0,-0.6787214,0.0,0.9881522,0.0,0.9999734,0.0
1.0,0.095479704,0.9347206,0.0,0.58427274,0.0,0.22552136,0.0,-0.9999858,0.0,-0.99999994,0.0,-0.9930186,0.0,-0.6855412,0.0,0.9777827,0.0,0.9999818,0.0
1.0,0.095479704,0.93822205,0.0,0.59306365,0.0,0.34394544,0.0,-0.999986,0.0,-0.99999994,0.0,-0.9960571,0.0,-0.69194436,0.0,0.95873684,0.0,0.99998754,0.0
1.0,0.095479704,0.9416697,0.0,0.60128903,0.0,0.43738988,0.0,-0.99998564,0.0,-0.9999999,0.0,-0.99783945,0.0,-0.6979064,0.0,0.9246047,0.0,0.99999136,0.0
1.0,0.095479704,0.94521266,0.0,0.60902095,0.0,0.51173544,0.0,-0.99998486,0.0,-0.9999999,0.0,-0.9988428,0.0,-0.70343155,0.0,0.8658894,0.0,0.9999939,0.0
1.0,0.095479704,0.9490517,0.0,0.6163382,0.0,0.57175744,0.0,-0.99998367,0.0,-0.9999999,0.0,-0.9993907,0.0,-0.7085405,0.0,0.7713283,0.0,0.99999565,0.0
1.0,0.095479704,0.9534143,0.0,0.623327,0.0,0.62105507,0.0,-0.9999822,0.0,-0.9999998,0.0,-0.9996833,0.0,-0.7132614,0.0,0.63336384,0.0,0.9999968,0.0
1.0,0.095479704,0.95846266,0.0,0.6300755,0.0,0.6622679,0.0,-0.9999803,0.0,-0.9999998,0.0,-0.99983704,0.0,-0.7176251,0.0,0.4568792,0.0,0.9999975,0.0
1.0,0.095479704,0.96414876,0.0,0.6366567,0.0,0.69730127,0.0,-0.99997795,0.0,-0.99999976,0.0,-0.99991673,0.0,-0.72166175,0.0,0.26224312,0.0,0.999998,0.0
1.0,0.095479704,0.9701471,0.0,0.6431096,0.0,0.72750616,0.0,-0.99997526,0.0,-0.9999997,0.0,-0.9999577,0.0,-0.7253998,0.0,0.07499415,0.0,0.9999983,0.0
1.0,0.095479704,0.97598004,0.0,0.6494328,0.0,0.7538303,0.0,-0.99997205,0.0,-0.99999964,0.0,-0.9999786,0.0,-0.7288655,0.0,-0.087898076,0.0,0.9999985,0.0
1.0,0.095479704,0.9812345,0.0,0.6555945,0.0,0.77694684,0.0,-0.99996835,0.0,-0.9999995,0.0,-0.9999892,0.0,-0.73208237,0.0,-0.2215116,0.0,0.9999986,0.0
1.0,0.095479704,0.98568314,0.0,0.6615508,0.0,0.7973536,0.0,-0.99996406,0.0,-0.9999994,0.0,-0.9999946,0.0,-0.7350719,0.0,-0.32831833,0.0,0.99999875,0.0
1.0,0.095479704,0.98927736,0.0,0.66725975,0.0,0.815438,0.0,-0.9999591,0.0,-0.9999992,0.0,-0.99999726,0.0,-0.7378532,0.0,-0.4132454,0.0,0.9999988,0.0
1.0,0.095479704,0.99208283,0.0,0.6726895,0.0,0.8315148,0.0,-0.9999534,0.0,-0.99999905,0.0,-0.9999986,0.0,-0.74044365,0.0,-0.4811507,0.0,0.99999887,0.0
1.0,0.095479704,0.994218,0.0,0.6778206,0.0,0.84584785,0.0,-0.9999468,0.0,-0.9999988,0.0,-0.9999993,0.0,-0.74285877,0.0,-0.53602,0.0,0.99999887,0.0
1.0,0.095479704,0.9958128,0.0,0.6826448,0.0,0.8586614,0.0,-0.99993914,0.0,-0.99999845,0.0,-0.99999964,0.0,-0.74511266,0.0,-0.5809053,0.0,0.9999989,0.0
1.0,0.095479704,0.9969873,0.0,0.68716305,0.0,0.8701477,0.0,-0.9999303,0.0,-0.9999981,0.0,-0.9999998,0.0,-0.747218,0.0,-0.6180856,0.0,0.9999989,0.0
1.0,0.095479704,0.9978432,0.0,0.6913831,0.0,0.88047206,0.0,-0.99992025,0.0,-0.99999756,0.0,-0.9999999,0.0,-0.74918634,0.0,-0.64925444,0.0,0.9999989,0.0
1.0,0.095479704,0.99846184,0.0,0.69531703,0.0,0.8897767,0.0,-0.9999086,0.0,-0.9999969,0.0,-0.99999994,0.0,-0.7510282,0.0,-0.67567563,0.0,0.9999989,0.0
1.0,0.095479704,0.99890625,0.0,0.69897974,0.0,0.89818406,0.0,-0.99989533,0.0,-0.999996,0.0,-1.0,0.0,-0.752753,0.0,-0.6983012,0.0,0.99999887,0.0
1.0,0.095479704,0.99922395,0.0,0.7023875,0.0,0.90579975,0.0,-0.99988,0.0,-0.99999493,0.0,-1.0,0.0,-0.75436956,0.0,-0.717856,0.0,0.99999887,0.0
1.0,0.095479704,0.9994502,0.0,0.705557,0.0,0.9127149,0.0,-0.99986255,0.0,-0.9999936,0.0,-1.0,0.0,-0.7558857,0.0,-0.7348987,0.0,0.99999887,0.0
1.0,0.095479704,0.9996109,0.0,0.7085048,0.0,0.9190083,0.0,-0.99984246,0.0,-0.99999183,0.0,-1.0,0.0,-0.7573089,0.0,-0.7498647,0.0,0.99999887,0.0
1.0,0.095479704,0.9997248,0.0,0.7112469,0.0,0.92474824,0.0,-0.9998196,0.0,-0.9999896,0.0,-1.0,0.0,-0.75864565,0.0,-0.7630974,0.0,0.9999988,0.0
1.0,0.095479704,0.99980545,0.0,0.7137986,0.0,0.9299941,0.0,-0.9997934,0.0,-0.9999868,0.0,-1.0,0.0,-0.75990224,0.0,-0.7748705,0.0,0.9999988,0.0
1.0,0.095479704,0.9998625,0.0,0.716174,0.0,0.93479764,0.0,-0.99976355,0.0,-0.9999833,0.0,-1.0,0.0,-0.7610843,0.0,-0.7854043,0.0,0.99999875,0.0
1.0,0.095479704,0.9999027,0.0,0.7183864,0.0,0.93920404,0.0,-0.9997295,0.0,-0.9999788,0.0,-1.0,0.0,-0.76219714,0.0,-0.794878,0.0,0.9999987,0.0
1.0,0.095479704,0.9999312,0.0,0.72044814,0.0,0.943253,0.0,-0.9996908,0.0,-0.99997306,0.0,-1.0,0.0,-0.76324546,0.0,-0.8034384,0.0,0.9999987,0.0
1.0,0.095479704,0.9999513,0.0,0.7223704,0.0,0.9469794,0.0,-0.9996467,0.0,-0.99996585,0.0,-1.0,0.0,-0.76423395,0.0,-0.8112072,0.0,0.9999986,0.0
1.0,0.095479704,0.9999655,0.0,0.7241638,0.0,0.95041406,0.0,-0.9995967,0.0,-0.9999567,0.0,-1.0,0.0,-0.7651667,0.0,-0.81828547,0.0,0.99999857,0.0
1.0,0.095479704,0.99997556,0.0,0.72583765,0.0,0.95358425,0.0,-0.99954003,0.0,-0.99994516,0.0,-1.0,0.0,-0.76604754,0.0,-0.82475823,0.0,0.99999857,0.0
1.0,0.095479704,0.99998266,0.0,0.72740096,0.0,0.95651424,0.0,-0.9994758,0.0,-0.99993056,0.0,-1.0,0.0,-0.76688015,0.0,-0.83069754,0.0,0.9999985,0.0
1.0,0.095479704,0.99998766,0.0,0.72886175,0.0,0.9592256,0.0,-0.9994031,0.0,-0.9999122,0.0,-1.0,0.0,-0.7676679,0.0,-0.83616436,0.0,0.99999845,0.0
1.0,-0.095479704,0.99999124,0.0,0.7302274,0.0,0.9617375,0.0,-0.999321,0.0,-0.999889,0.0,-1.0,0.0,-0.76841384,0.0,-0.841211,0.0,0.9999984,0.0
1.0,-0.095479704,0.99999374,0.0,0.73150474,0.0,0.96406734,0.0,-0.9992283,0.0,-0.99985987,0.0,-1.0,0.0,-0.76912093,0.0,-0.8458826,0.0,0.99999833,0.0
1.0,-0.095479704,0.9999955,0.0,0.73270005,0.0,0.9662305,0.0,-0.9991239,0.0,-0.99982315,0.0,-1.0,0.0,-0.7697919,0.0,-0.8502181,0.0,0.9999983,0.0
1.0,-0.095479704,0.99999684,0.0,0.733819,0.0,0.968241,0.0,-0.9990063,0.0,-0.999777,0.0,-1.0,0.0,-0.77042913,0.0,-0.85425144,0.0,0.9999982,0.0
1.0,-0.095479704,0.99999774,0.0,0.734867,0.0,0.97011125,0.0,-0.998874,0.0,-0.99971914,0.0,-1.0,0.0,-0.77103496,0.0,-0.8580124,0.0,0.9999981,0.0
1.0,-0.095479704,0.9999984,0.0,0.73584884,0.0,0.9718528,0.0,-0.99872553,0.0,-0.9996466,0.0,-1.0,0.0,-0.77161145,0.0,-0.8615269,0.0,0.99999803,0.0
1.0,-0.095479704,0.9999988,0.0,0.7367691,0.0,0.97347575,0.0,-0.998559,0.0,-0.9995557,0.0,-1.0,0.0,-0.77216023,0.0,-0.8648182,0.0,0.999998,0.0
1.0,-0.095479704,0.99999917,0.0,0.73763186,0.0,0.97498953,0.0,-0.9983725,0.0,-0.999442,0.0,-1.0,0.0,-0.77268296,0.0,-0.8679067,0.0,0.99999785,0.0
1.0,-0.095479704,0.9999994,0.0,0.7384411,0.0,0.9764026,0.0,-0.9981639,0.0,-0.99929976,0.0,-1.0,0.0,-0.7731809,0.0,-0.87081075,0.0,0.9999978,0.0
1.0,-0.095479704,0.9999996,0.0,0.7392003,0.0,0.97772264,0.0,-0.9979309,0.0,-0.99912226,0.0,-1.0,0.0,-0.77365476,0.0,-0.8735469,0.0,0.9999977,0.0
1.0,-0.095479704,0.9999997,0.0,0.7399128,0.0,0.9789567,0.0,-0.99767095,0.0,-0.9989009,0.0,-1.0,0.0,-0.77410513,0.0,-0.87613,0.0,0.9999976,0.0
1.0,-0.095479704,0.99999976,0.0,0.7405816,0.0,0.98011124,0.0,-0.99738145,0.0,-0.9986251,0.0,-1.0,0.0,-0.77453196,0.0,-0.8785737,0.0,0.9999975,0.0
1.0,-0.095479704,0.9999998,0.0,0.74120957,0.0,0.98119205,0.0,-0.9970594,0.0,-0.99828196,0.0,-1.0,0.0,-0.7749347,0.0,-0.88089055,0.0,0.9999974,0.0
1.0,-0.095479704,0.9999999,0.0,0.74179935,0.0,0.98220456,0.0,-0.99670166,0.0,-0.99785554,0.0,-1.0,0.0,-0.7753119,0.0,-0.8830922,0.0,0.9999973,0.0
