fitness,g0,g1,g2,g3,g4,g5,g6,g7,g8,g9,g10,g11,g12,g13,g14,g15,g16,g17,g18,g19,g20,g21,g22,g23,g24,g25,g26,g27,g28,g29,g30,g31,g32,g33,g34,g35,g36,g37,g38,g39,g40,g41,g42,g43,g44,g45,g46,g47,g48,g49
-14.197989,-0.1786788,0.7338234,0.12465182,-0.016930424,0.2602519,0.32366687,0.7870814,-0.6491876,-0.5119857,-0.543564,0.9884301,0.5790124,0.14700396,0.11749804,-0.37318277,0.089683115,-0.48813376,0.36957797,-0.9437635,0.7294597,0.71862787,-0.34586403,-0.22029953,0.08817579,-0.115272895,-0.33435953,0.12599853,0.1438471,-0.37802288,0.5336686,0.7413617,0.04658723,-0.3348247,-0.15243328,-0.011017805,-0.6609186,0.4156788,-0.4636947,0.2700051,0.13497928,-0.59184194,0.05316355,0.17823412,0.44426718,0.9875611,0.48357534,-0.8360898,-0.2873626,-0.966565,-0.62925607
-15.151492,-0.17418353,-0.29707944,0.6656705,-0.5217514,-0.12504339,-0.2574695,-0.17620848,0.526479,-0.33854803,0.7774518,0.10000054,0.5170975,0.7481456,-0.7340853,-0.3835556,-0.3464396,0.20983018,-0.07530806,0.6037433,0.19100444,0.21004099,-0.050886855,-0.66123635,0.18681914,0.31467912,-0.73329914,-0.2944607,-0.18755594,0.23619068,0.56768155,-0.18415968,0.12642418,-0.4590726,0.17619698,-0.29726827,0.51794076,0.5346279,-0.37953392,0.98991203,-0.5602765,0.122914076,-0.61227894,-0.10392203,-0.63965887,0.06551421,0.7749737,-0.9929998,-0.28424722,0.017778516,0.485575
-13.984627,0.41449767,0.35375887,0.5301606,-0.85520166,0.9207113,-0.07680869,0.0037663234,0.24957377,0.43796495,-0.45442855,0.07175516,-0.502826,0.022022128,0.06557023,-0.38003716,-0.6808773,0.9114612,-0.09153028,0.028299928,0.13140899,-0.5753964,0.46877813,0.33602703,-0.22868548,-0.81594664,0.80349755,0.8107787,0.10902722,-0.482499,0.37029123,-0.4269717,3.374815E-4,-0.029937983,-0.41793597,-0.5938189,0.022545023,-0.10307768,-0.2075722,0.65130484,0.9176478,-0.35280812,0.11325741,-0.2908919,0.28304312,0.18046987,0.79649353,0.16706628,-0.010941063,-0.033453345,0.7596819
-19.73891,0.3019279,-0.41865587,0.3267491,-0.5418923,-0.3644339,-0.064064324,0.36493546,0.19268842,-0.12579574,-0.30730838,-0.8775166,-0.35022986,0.63672227,-0.04330149,0.98993254,-0.1972574,0.50096947,0.64496183,0.48206925,-0.0057044714,0.2889808,-0.54585624,-0.9712946,0.53758436,0.03933263,-0.77666944,0.08459226,0.23533562,-0.2614836,0.035441797,-0.9023694,0.571047,0.72511464,0.032180276,0.029091863,-0.9085222,0.31994584,0.80884385,0.41973442,-0.34760508,-0.5121372,0.448318,-0.03874845,0.76310945,0.1708814,-0.03172338,-0.17226848,-0.5796561,-0.39965487,0.3808059
-14.84177,0.32585895,0.2259196,0.58301127,0.89047897,-0.26953778,-0.015870452,-0.46125767,-0.083214276,0.5618486,0.6688049,-0.74084014,0.3056468,0.3098719,-0.25831464,-0.74373966,0.1223998,-0.17173076,0.39567864,-0.5198836,0.9254532,-0.21304832,0.3301053,-0.4667544,-0.17998882,0.34686872,0.43133804,0.88379294,0.45966154,0.11105752,0.2798599,-0.43474197,-0.38434517,-0.5641259,0.17774121,0.3971107,-0.7920075,-0.5789466,0.21336345,0.994182,0.02917464,-0.37968996,-0.17804168,0.63330513,-0.31509793,-0.42764947,0.13292858,0.43664694,-0.07513708,-0.38331503,0.06988597
-23.25598,-0.56157804,0.24805187,-0.3996467,-0.9129461,0.3409449,-0.1605097,-0.0907133,0.15802187,0.009800553,-0.02181971,-0.5425474,-0.92052335,0.9987661,0.2441734,0.057741333,0.7582338,0.27195904,0.9324205,0.04953611,0.31170833,-0.16293764,0.05413255,-0.70163876,-0.436239,-0.026878618,-0.3456244,0.23740032,0.40729252,-0.5376762,-0.3202768,0.42985138,-0.33141112,0.4072316,-0.25595525,-0.2165866,0.053865515,0.1592955,0.36756876,-0.51399344,-0.56362003,-0.12107555,-0.34128982,-0.28760645,0.7831651,-0.81279737,0.59241486,0.35558423,0.65945506,-0.18227701,-0.36107042
-14.960868,0.31525666,0.05659878,0.3304676,0.7795351,-0.5815326,-0.88521427,-0.10400212,-0.4584835,-0.22201586,0.41796264,-0.28729582,-0.436959,-0.44997495,-0.24163045,0.9063444,-0.50544643,0.59343797,0.17324728,0.50919825,0.14826134,-0.34481436,0.61296064,0.0517095,-0.1286363,0.23443902,0.5760124,0.58272314,-0.06477136,0.03193423,0.24020468,-0.74671894,-0.8689078,-0.18622091,-0.3694996,-0.0749836,0.941338,-0.20007333,0.52705514,0.83929783,0.29229766,-0.5124585,0.5773774,0.19956315,0.58643705,0.014402935,-0.9930257,-0.7538919,0.99684167,-0.094300464,0.01259517
-14.780508,-0.4636865,0.72185,0.22536051,-0.4691266,-0.11118063,0.3228285,-0.1822302,-0.13231133,-0.230929,0.7779433,-0.47998896,0.47860458,0.014341836,-0.27463567,-0.32504717,0.03753619,0.8776921,-0.54167217,-0.24857914,-0.6314383,0.9217246,0.1994437,0.2745714,-0.63474524,0.20655575,0.12578179,0.50707984,0.04306596,0.23488581,0.20007053,0.17010665,0.19021828,0.25307375,0.19274896,-0.24827798,-0.79006183,-0.070843145,0.9753054,-0.66957146,-0.058849514,0.76381,0.27441105,-0.89315087,-0.10008703,0.48095438,0.30683333,-0.5602416,-0.58469087,-0.7790418,0.6428487
-12.415296,0.0058590844,0.0023771524,-0.98892516,0.9266702,-0.22900891,-0.47261187,-0.2160652,0.09278064,-0.37252894,-0.55361235,-0.030922124,0.5170743,0.09404007,-0.8908185,0.44542855,-0.20571296,-0.065662295,-0.04656242,0.680186,-0.4964782,0.34108782,0.21827324,-0.568173,-0.89052635,-0.5469839,-0.18168427,0.51531655,0.28039405,0.2781057,-0.8493451,-0.042663164,-0.62377363,-0.5224361,-0.07115352,0.21919738,-0.15177417,-0.13666885,0.10305466,0.93816686,-0.38450155,-0.37903148,-0.1892357,-0.103316665,-0.93374485,-0.5607926,0.2634952,0.21535157,0.66018677,-0.46959603,-0.84825987
-14.289102,0.8064702,-0.043296795,-0.24745275,-0.39384001,0.34134105,0.68712974,-0.39703935,0.3502421,-0.33029667,0.32393804,0.069840945,0.66903806,-0.40959713,-0.80984694,-0.0119079575,0.55459994,-0.33269116,-0.55729586,-0.16871524,-0.2503489,0.031761896,-0.18665914,0.92150533,-0.066122055,-0.18919887,-0.27924728,0.4483149,-0.8841935,0.17589864,-0.06886082,-0.09582572,0.5248656,-0.8767468,0.5183823,-0.88637847,-0.0117116645,0.4438275,-0.31560802,0.9394736,-0.32235202,0.15278329,-0.25988433,0.3094512,0.15267296,-0.39865118,-0.8377146,-0.6178266,-0.2478858,0.027425265,-0.44625843
-14.42291,0.21746096,0.6796602,0.21543193,-0.2185956,-0.18350446,-0.06779453,-0.17767666,0.55421305,0.80941117,0.8710281,0.5734309,0.42705566,0.8281325,-0.5343884,-0.32012478,-0.30503714,-0.3402898,-0.6300863,-0.41930068,-0.61178887,-0.28955022,-0.3098849,0.21695392,-0.20343366,0.6865542,-0.29529878,-0.28424925,-0.86576694,-0.3574997,0.26129353,-0.59982955,-0.058155775,0.32974374,-0.47441542,-0.50736856,-0.17445607,0.39277536,-0.56489515,-0.7011205,-0.14411257,-0.57326037,-0.19083883,-0.5158333,0.060981486,0.25908566,-0.08874199,0.31815037,-0.13518889,-0.10265666,0.39724863
-16.16967,0.8944229,-0.58672583,0.6674906,0.59284186,-0.89481914,0.2689819,0.0309793,-0.26316848,-0.1848872,-0.14019191,0.9567664,-0.20896162,0.61602217,-0.4752554,-0.33872646,0.088950045,-0.41778195,0.09365563,0.3381889,-0.79026014,0.64455336,-0.44657886,0.77821445,-0.2484521,-0.3810813,0.5904304,0.8552668,0.41583675,-0.3663853,0.029485555,0.025792746,-0.28217864,0.7851817,-0.36335963,-0.03952627,-0.32225102,0.49839446,0.4400977,-0.22455533,-0.9954173,-0.66696644,-0.20021199,0.95628655,-0.2582959,0.58764976,-0.47033626,0.014799727,0.7767813,-0.58761656,-0.60281616
-15.357244,-0.5047111,0.04006481,-0.53212196,0.7816777,-0.64039487,0.6589869,0.011814308,0.21086848,0.34359765,-0.59937435,0.5138649,-0.9279235,0.1491133,-0.6318222,-0.5148907,-0.36837918,-0.37442312,-0.03799829,-0.005610782,-0.026456205,-0.30594918,-0.27149293,0.07187787,-0.32031342,0.8812948,-0.19757725,0.53228474,0.6695711,0.23070242,0.5555111,0.8276258,-0.33443218,-0.9455144,0.56699824,0.8145266,0.08431328,0.107394814,-0.15271175,-0.14472014,0.5617677,0.43261692,-0.8582442,0.04316543,0.8264567,-0.121456385,0.5506066,0.08748342,0.36547112,0.25683954,-0.10399082
-14.582935,0.09071199,-0.11327577,0.52160627,-0.06680238,-0.038081687,-0.19355479,0.7462365,0.32903394,0.30889672,0.44962963,0.32884064,0.012592534,0.008722895,0.27256712,0.7799582,-0.17304263,-0.17562321,-0.2106526,-0.87196434,-0.14173165,0.78744596,-0.6921906,0.24912655,0.020487906,0.54441136,-0.79644024,0.14422321,0.43659574,-0.13865854,-0.059083223,0.14913927,-0.37104803,-0.4861634,0.08201996,0.39183328,-0.69673175,0.5014355,-0.60078835,0.22606039,0.27548525,-0.58510786,-0.32727414,-0.58362246,0.48217997,0.079810984,0.6055876,0.36450702,0.7277099,-0.61075974,-0.04057572
-14.844917,0.74883324,-0.17714263,0.37961176,-0.18515275,0.18918799,0.028557831,-0.7937038,0.44605756,-0.7838252,0.4749338,0.3768213,0.6448429,-0.9379837,0.07573438,0.97787446,-0.2956264,0.66777945,0.38382983,-0.73190457,0.3158957,-0.24988095,0.68650615,0.52824986,0.18046798,-0.22364533,0.69803566,0.80389863,-0.33574304,0.60027444,0.47718176,-0.7082273,-0.6727288,0.23878565,-0.5474377,-0.52307284,0.16718602,-0.43116635,0.34475216,-0.64408827,0.39258382,0.046741754,0.69155574,0.2058847,0.2709918,0.47243103,0.5712454,0.054382965,-0.37385976,0.5209355,0.09397439
-15.105527,0.48105913,-0.14445783,0.38208523,0.25365382,0.072495684,0.5246104,0.5523345,0.40631434,-0.9238564,0.46092182,-0.035142448,-0.34246162,0.09627998,-0.27665308,-0.91628146,0.08438779,0.5317528,-0.6428629,0.91764486,0.49375853,-0.9007991,-0.8405327,0.34690046,-0.16443136,0.097045496,0.21538316,-0.1599242,0.25088117,-0.09696078,-0.9225456,0.2670244,0.07085445,-0.19940497,-0.040731072,0.2972508,-0.29282668,-0.32575232,-0.53235817,0.28235483,-0.58883667,-0.90178275,-0.0049467566,-0.09246099,-0.17826727,-0.43294373,0.6094374,-0.41028857,-1.6025014E-4,0.41822398,-0.002838038
-14.325173,0.24714294,-0.7793151,0.44278574,0.17928654,0.1159199,-0.13679889,0.076693766,-0.9210832,0.40906003,-0.2550212,0.029990315,0.0646129,0.19740763,-0.6047317,-0.17740153,-0.46101105,0.4633736,0.44724962,0.32987857,-0.2338705,0.48270273,0.5116782,0.26780504,0.30212113,-0.67198426,0.012653851,0.31482583,0.54793274,0.7467972,0.011591356,0.6844585,0.027996372,-0.661016,-0.26495594,-0.3210301,-0.29234904,-0.07416439,0.0984715,0.08598006,0.23869464,-0.6174065,0.62505805,0.27946386,-0.25962454,0.4717046,-0.5217758,-0.28500524,0.35823315,-0.07367128,0.4430135
-12.23982,0.6598454,-0.26164296,-0.97466284,-0.0519234,0.22190341,-0.15070708,0.9347106,0.38135505,-0.72354853,0.15920426,-0.5913464,0.18499696,-0.45587865,0.6434396,0.23626862,-0.2869321,0.03320419,-0.7097895,0.222076,-0.92017066,0.5714074,-0.06768928,0.49028432,0.5955456,-0.5175893,0.56099194,-0.6937488,0.28015706,-0.8150825,-0.10990553,-0.49605647,0.3060347,0.013086114,-0.18985537,0.6498394,-0.7443676,-0.19311373,-0.22690223,-0.94763,-0.49218285,-0.323049,0.7870151,0.2710395,-0.38389158,0.104755715,-0.8887846,0.20301826,-0.2596101,-0.229638,-0.9336693
-14.592493,0.4294194,0.04241852,-0.2940418,-0.66070443,0.8340106,0.535222,0.67094123,-0.387961,-0.8465133,-0.42386162,0.27516234,0.6275969,-0.086588845,-0.41549936,0.23501037,-0.711928,0.93307537,-0.5228677,-0.75399715,-0.38934076,-0.85217565,0.86681974,0.46891883,-0.43808338,0.08990782,0.21115923,0.0076628923,-0.8032284,0.5804437,-0.08066974,-0.01830265,0.73985624,-0.05496517,-0.27662143,0.45047116,-0.1927882,-0.049943466,-0.7103203,-0.20285237,0.32818264,-0.4702763,0.089409366,-0.54551274,0.22165121,-0.08817983,0.15039998,-0.9877865,0.40952802,0.08801553,-0.1274689
-15.211879,-0.49787217,-0.142559,0.06342971,-0.58431685,-0.20155334,0.8026975,0.013885856,-0.13342649,0.37226057,-0.5650891,-0.31850362,-0.0072328374,0.54976636,-0.4127486,0.0521415,0.45339414,-0.87215453,-0.67256063,0.36120844,0.64188915,0.67193323,0.2510474,0.9367336,-0.31762767,0.29763046,-0.2871782,0.7531385,-0.3522781,0.60911924,0.052101597,0.16093238,-0.7727944,-0.72827786,-0.5264296,0.74990255,0.39102495,-0.9333166,0.39464596,-0.8159889,-0.040251974,0.24340712,0.30354953,-0.8281292,-0.7577291,-0.12800962,-0.8657964,0.29626632,-0.20911172,0.022418791,-0.37037337
-14.7099085,-0.6848687,0.32387438,-0.11080259,-0.23062575,-0.5232975,-0.086111665,0.5656096,0.8898931,-0.44676626,0.50333565,0.5971191,-0.33309707,0.6749199,-0.0048036953,-0.19591938,0.25728482,0.27447024,-0.17075716,0.039011195,0.4157806,-0.056373324,0.40072694,0.6649821,-0.7852692,-0.50755996,-0.18433122,-0.4266884,0.68805444,-0.33369398,0.8698465,0.10979831,0.2170851,-0.88188857,-0.20087516,0.7446936,-0.9940682,-0.75731444,-0.13428125,-0.75625795,-0.80023396,0.5188495,-0.028501987,0.22159292,-0.48285365,-0.14856875,0.39550355,-0.27196464,0.55375993,-0.17754477,-0.20145898
-14.80103,0.1991436,-0.03464079,0.9040761,-0.7200638,-0.22571087,0.50737464,-0.7964179,-0.5335181,-0.51986164,-0.57412535,-0.4265361,0.56507623,0.4612756,-0.19975662,0.20651695,0.050067775,0.16004659,-0.5845441,0.6527228,0.56766856,0.4935664,-0.5148535,0.47009903,-0.26494107,0.50289893,-0.010225432,-0.044475075,-0.3808285,-0.07564742,-0.25176248,-0.5698471,0.07953464,0.5619307,-0.21907775,0.32482186,-0.5449214,-0.35015804,0.34381416,0.061039064,-0.26441526,-0.17664737,0.21110013,0.5665473,0.055783615,-0.14221792,-0.3117018,0.016999532,0.14872842,0.5947284,-0.97763115
-12.836259,0.27267733,-0.10704808,-0.07388903,0.18372725,0.23294052,-0.59312266,-0.06240738,0.088390976,0.020266803,-0.6664135,-0.71217346,-0.17029752,-0.6337672,0.32869184,-0.14509642,-0.20504284,0.67462707,-0.3090872,0.37939352,0.3757887,0.4551527,-0.4145607,0.7241656,0.25369298,0.25972807,-0.12134002,0.27615398,0.012220539,0.79725164,0.21046288,-0.14973436,-0.6085357,-0.2324978,-0.052681684,-0.27702016,-0.9499868,-0.64796406,-0.060819402,-0.030832317,-0.7809362,-0.07953036,-0.04815808,0.63695973,-0.71058786,-0.1592207,0.4297741,-0.56006926,0.73958004,0.202487,0.54716474
-16.956398,0.24328609,0.36060894,-0.9976899,-0.6584593,-0.25398487,-0.22785744,0.94122237,-0.94154227,0.8140861,0.027798675,-0.33127192,-0.75480783,-0.053257197,-0.37937987,0.053688895,0.016330948,-0.3253082,-0.757966,-0.165946,0.9501819,-0.0777685,0.047834992,0.4447447,0.5188007,-0.060716655,0.3246718,0.34732246,-0.0029291464,0.053245425,0.48079363,0.7006512,0.45379603,0.8013471,0.6746869,-0.25596827,-0.055243906,-0.8150166,-0.6444282,-0.26418492,-0.6361137,-0.93911475,0.86171126,0.47103214,0.4734507,-0.022030633,-0.6515259,-0.10689674,0.52352417,0.39284348,0.23863779
-14.723833,0.43800873,-0.3699137,-0.23502779,0.64000577,-0.1856066,0.21021275,0.7897499,-0.13993675,-0.3427308,0.038624078,-0.0110694235,0.79808676,-0.33996487,0.8442202,-0.22394836,0.22472882,0.7598604,0.34253958,0.061090913,-0.8770566,-0.44353998,0.18116806,0.009261986,-0.4147494,-0.92373145,-0.65891856,0.22315867,0.54354876,0.28111643,0.48608026,0.7480988,-0.36861002,0.4912624,0.4748375,0.17937636,0.38306868,0.3559549,-0.61326396,0.4268064,-0.07079646,0.12901068,-0.21744196,0.94743156,-0.22189891,0.5368625,-0.35888836,0.529121,-0.4155914,-0.15966626,0.43531138
-14.676514,0.7594224,0.50195825,0.26753974,-0.4066705,0.2658751,0.54517996,0.8268856,-0.805973,0.46300223,-0.48033065,-0.696628,-0.10307574,0.20028849,0.26486054,0.40359044,0.47309613,-0.025336646,0.19399522,0.24853131,-0.962329,-0.44788492,0.15280704,0.7201414,0.11306738,-0.30637,0.14242248,-0.1851983,0.06802285,0.3774805,-0.38599527,0.9997863,0.0040737186,-0.8692178,0.47896945,-0.076669216,0.37778613,0.7241734,0.06454574,0.03955345,0.0659905,0.011153852,0.44884562,-0.22508535,-0.2851653,0.9716028,-0.2790311,-0.64117134,-0.084861994,0.16434252,-0.9171974
-17.094896,0.05830137,0.3976392,-0.026449317,-0.0019649267,-0.32686895,0.8551324,0.30612886,0.26828626,0.4074044,0.6044358,0.48380858,-0.19475457,0.4854633,0.4064161,-0.26935554,-0.1733025,-0.0246557,-0.76960385,-0.8859857,0.29427773,0.813043,0.07362793,0.058413573,-0.3006264,-0.11284711,-0.008961124,0.47561362,-0.33206064,0.60206157,-0.27382833,-0.85125804,-0.7728762,-0.5513235,-0.23257619,-0.923541,-0.954846,0.54767126,-0.002924188,0.43854514,-0.49535224,0.7571588,-0.58058184,0.75719285,-0.18012002,-0.54019475,0.96393967,-0.10158332,-0.27862024,-0.06232846,-0.9940061
-14.781769,0.21120892,-0.024711216,-0.7048281,0.79102105,0.6776078,-0.8646085,0.29495597,-0.057546526,-0.27445394,0.6734451,0.35761592,-0.08781329,0.23998594,-0.24512567,-0.57569236,0.67241687,-0.28766912,-0.15814632,-0.66701096,0.21647173,-0.98202723,-0.43970284,0.10435975,-0.6755254,-0.006291302,-0.45705652,-0.68685114,0.35534537,0.42253354,-0.85072434,-0.45296702,-0.8284599,0.1505627,0.00266336,-0.29673487,-0.23041314,0.2133358,0.80699295,-0.27283052,-0.6417888,0.6910901,-0.032915562,-0.35199827,-0.5672269,-0.14921261,0.28667712,-0.23676348,0.62225294,0.49296758,0.07303507
-12.356359,0.096594326,0.25580758,-0.15573855,0.47159675,0.47829556,0.9136544,-0.40313178,0.7700776,0.8397863,-0.3247432,-0.04231912,-0.5383596,-0.77243984,-0.3599323,0.30187082,-0.5649114,-0.41353196,0.44723976,-0.0697079,0.30130693,0.40712726,-0.12892658,-0.18145633,0.66939765,-0.01802422,-0.9373659,0.129123,-0.3046987,-0.6625973,0.99618554,-0.37536418,-0.17924894,0.7460993,-0.31990728,0.17732415,0.6322903,-0.19531687,-0.3320746,0.04383318,-0.037889462,-0.38476518,0.7056878,0.08174568,0.16960105,-0.7549418,-0.84299475,0.056529373,0.009358959,-0.06733275,-0.34056434
-14.474767,0.028087616,-0.2418077,0.6269208,0.028735876,0.7002005,0.73058903,-0.43988472,0.94105005,0.4600802,-0.11211125,0.07992749,0.5028105,-0.16323864,0.8556839,0.28051242,-0.33893767,0.00855197,-0.6139579,-0.8778403,0.44105667,0.05019772,0.29497212,0.1068449,-0.34604555,0.7383798,0.8269544,0.40870142,-0.26199868,0.12715758,-0.0050281016,0.681604,-0.49281502,-0.54386884,-0.36657697,0.4856579,-0.1368913,0.628753,-0.68892586,-0.61030775,-0.14813504,-0.67977464,-0.09856701,0.48901173,-0.18737522,-0.0449702,0.15280624,-0.43886587,-0.3944174,0.9969499,0.051372893
-15.318551,-0.58948,0.81998545,0.5782232,-0.65247625,0.600263,-0.27387774,-0.8135255,0.34693155,-0.45864496,0.6559099,0.06054705,0.44424433,0.07214955,0.3755433,0.14211953,0.25002682,-0.35186544,-0.1120482,-0.21825767,-0.40986577,0.20138773,-0.3720093,0.3983791,-0.06387396,-0.5973222,0.14242235,-0.10458735,0.8114669,-0.3305596,-0.4237577,0.8741259,0.05578321,-0.14763984,-0.016094923,-0.9691721,-0.14476526,-0.97570837,0.5153972,-0.45401314,0.30449697,-0.20883512,-0.6591981,0.17211531,0.1600366,0.9430261,0.394562,-0.42283872,-0.5323939,-0.06476165,-0.09343829
-13.833949,0.3290434,-0.63530755,-0.26336518,0.13025123,-0.15934984,-0.07870662,-0.75754446,-0.018252358,0.4232141,-0.16134883,-0.91947746,0.5334803,-0.45899296,0.46316263,0.40153584,-0.7554332,0.51507294,0.6687481,0.12307772,-0.41022134,0.56311107,-0.37359178,-0.5153755,0.13342823,-0.40450728,0.087852836,0.9636787,-0.13376024,0.010636147,0.04524307,0.06543157,-0.2700832,0.8470756,-0.4259917,-0.16423142,-0.09857073,-0.11605434,0.49419138,-0.44469595,0.5046145,0.4786573,-0.48087877,-0.027885405,-0.6748245,-0.62372756,0.22804087,-0.8596893,0.80267024,-0.44902036,-0.8618579
-13.389874,-0.8065026,0.12217438,0.13392986,-0.36909044,0.17222872,-0.25145254,0.2956723,0.7616688,0.63648,0.3585599,-0.45729703,-0.54412943,-0.04626148,-0.052172508,0.841323,0.5257157,0.67527336,0.12203503,-0.0984688,-0.57425576,-0.22011697,0.3854945,-0.9148901,-0.49592432,0.60498464,0.20690452,0.23479347,0.1105434,0.12902778,-0.10261502,0.16477099,0.55378866,0.43985033,-0.27583453,0.83607644,-0.74159527,-0.074199095,-0.365,0.03940898,0.35516098,-0.17111184,0.57186544,-0.15391684,0.3705141,-0.6755883,0.05402899,0.38016403,-0.33200377,0.05033478,-0.06561446
-14.388041,0.34623325,-0.18620367,-0.507572,0.4028365,0.93391687,0.12150834,0.1837318,0.68849695,-0.24650002,0.8629591,-0.5806184,0.6496917,-0.20388663,0.4338592,0.1931551,-0.46777296,-0.28020552,0.21176991,-0.36485818,0.42950723,-0.1741825,-0.21586116,-0.4060204,-0.1016635,-0.1697985,0.085286975,-0.3114401,0.16591492,-0.9642566,-0.25958148,0.058423053,-0.14502454,0.28495324,0.36166152,0.5936285,0.28544512,0.6522917,-0.509777,-0.61372715,-0.21344209,0.56215,-0.77174145,0.29710436,-0.59301835,-0.06268067,0.6674021,0.08487572,-0.7474058,-0.36809027,0.9162846
-12.926662,0.087430954,0.76745933,0.20244353,-0.097149275,-0.29972506,0.5025478,0.28515637,0.21097815,0.41269743,0.53539807,0.07540407,-0.7511358,0.5186484,0.26366508,0.27460617,0.6514007,-0.7263893,0.30423033,-0.6340974,-0.021489238,-0.16329503,0.21668957,-0.048767686,0.30769876,-0.6192492,0.12478987,-0.47056076,0.52364457,-0.3737893,0.116843656,-0.36496502,-0.8197885,0.18538186,0.064053245,-0.10176265,0.5498144,0.1251228,-0.702273,-0.516439,-0.30662483,-0.4852594,0.120988585,0.44460636,-0.25808552,0.13928434,-0.1075689,0.018528339,0.035663582,0.35360822,-0.8079257
-14.957131,-0.23695756,0.12299287,0.29256427,-0.7191326,-0.069587484,-0.12924916,-0.027054999,-0.60628057,-0.95444506,0.25471294,-0.494176,0.9172131,-0.799713,-0.029299561,0.023514187,0.4737449,0.6078199,-0.2605249,0.21132183,0.3917843,-0.048379276,-0.16440487,-0.0901083,-0.054153323,0.08061206,-0.1433612,0.10403305,0.038962096,-0.82569605,-0.20279148,0.053596377,0.060498923,0.054156106,-0.4726979,-0.6109779,-0.35190582,-0.3018949,-0.18499494,-0.40259182,0.094275594,-0.010105229,0.35897064,0.33437458,0.08761394,0.21765651,0.25406033,0.8831053,-0.3908016,-0.20004307,-0.3498804
-14.419923,0.5270257,-0.48842275,0.58150697,-0.52059394,0.41000718,-0.12711532,0.14692564,0.119635515,0.4269286,0.04721272,0.50857,-0.09630592,0.6629495,0.08478753,-0.5169329,-0.25365967,0.32300043,-0.15686548,0.7077515,0.5920515,-0.41963124,-0.081003666,0.14753008,0.04846017,0.29050925,-0.64691603,0.6965106,0.1994563,-0.15290916,-0.1732407,-0.42612222,0.5088642,0.5403789,0.4689782,0.9382753,-0.43146133,0.26167968,-0.8075665,-0.50258523,-0.33249697,-0.53799284,-0.0150850285,0.48227444,0.83075243,-0.89448905,-0.94357675,-0.11828783,0.47207373,-0.23962379,-0.042678952
-21.635138,0.13661703,-0.5722475,0.32745206,-0.28337812,-0.46947232,-0.73738533,-0.1592842,-0.3912584,-0.4642898,0.8612729,0.53549683,-0.7411651,-0.14223425,-0.14954834,-0.009673715,0.7277807,0.24095173,-0.24243127,0.6280318,0.69583267,0.05245471,-0.13108778,-0.6425222,-0.17194872,0.82090205,0.16393137,-0.6044991,-0.35239553,0.34756437,-0.25107813,-0.5977266,-0.20147155,-0.39140514,0.081546284,-0.033242986,-0.7978427,-0.41027963,0.57256395,0.44756743,0.7269964,-0.623683,-0.2520007,0.829741,0.3486458,0.05435021,0.36275655,0.29278433,-0.95072347,0.16617212,0.2698191
-14.890485,0.48986915,0.48157218,0.11952112,-0.47670007,-0.0020002127,0.12849554,0.022452354,0.5872356,-0.156479,-0.6430486,-0.6024693,-0.16708443,-0.14417867,-0.7740858,0.29666966,-0.24780566,0.421073,-0.10324106,-0.8232362,0.49550688,-0.02477233,-0.26517045,0.03973273,-0.29612276,-0.0744031,0.35635206,0.8569433,-0.7408889,0.28318518,0.98094475,0.19416231,-0.6950499,-0.027356593,-0.775168,-0.08063115,0.051077724,-0.35767105,0.034662113,-0.34843785,0.6599198,-0.0014446974,0.16355778,-0.5124074,0.9399285,0.823004,0.20466398,0.010429771,-0.34650505,-0.8355122,0.13186952
-13.258489,-0.09846091,-0.64804524,0.41547576,0.030887842,-0.7275869,-0.3690801,-0.040576775,-0.01056118,-0.43536317,-0.7106678,-0.017936593,0.637758,0.43594083,-0.07857275,-0.93403023,-0.629427,-0.613457,0.0769281,-0.60551226,-0.092775464,0.43979484,-0.24233074,0.03842248,-0.48618212,-0.017938284,-0.23307091,-0.56984746,-0.7857313,-0.17341015,0.78065115,-0.02124476,-0.33297244,0.20269774,-0.115953445,0.7334433,-0.45197648,-0.5078524,0.27422437,-0.27292407,0.757246,-0.2038185,-0.73445714,0.37812525,0.48528194,-0.72190654,0.33361712,-0.56863755,-0.76609576,-0.06622673,-0.800781
-14.923493,0.30109933,-0.0699263,-0.61369556,-0.4907701,-0.6814533,-0.31522337,-0.59969753,-0.84629816,-0.067857474,-0.50214016,-0.2335022,0.17624506,0.06503282,-0.039134867,-0.16200498,0.1371438,0.7280794,-0.014776007,-0.3319428,-0.1166602,0.34449387,-0.38552126,-0.36079285,0.63029426,0.12660685,0.60057944,-0.7081136,-0.41105083,0.625514,0.50856936,-0.04578483,0.020775557,-0.6725526,-0.049205422,0.2040947,-0.29238367,0.7733125,0.27821302,0.030804977,-0.02066767,-0.21783054,0.011617398,-0.052771978,-0.061131187,-0.38386554,-0.09917842,0.35879442,0.30755913,0.56985354,-0.5580292
-16.364876,-0.19448656,0.068319224,-0.2265146,-0.4639539,-0.75332135,-0.15883625,-0.3971205,-0.26655197,-0.5366158,0.3944404,0.18190373,0.124626756,0.58634675,-0.7099918,-0.2799133,-0.7805945,-0.5252685,0.32132107,-0.6072486,-0.99217343,0.7376257,0.48008448,0.23386526,-0.13265526,0.5063829,-0.14021133,0.060691677,-0.13149394,0.017587932,0.5392419,-0.1619214,0.6888487,0.90752184,-0.61505073,-0.19426638,-0.49825537,0.15296602,0.97962755,0.239646,-0.41195023,0.5197342,0.42450774,-0.031949162,0.45162487,-0.21016411,0.007351447,-0.8463515,0.2352185,0.49799815,0.7366276
-15.388564,0.18253066,0.14552867,-0.24819,0.93979275,0.0686395,0.18423693,-0.9738005,0.6109199,0.3109995,0.30581108,0.3154911,-0.38343,-0.01737976,0.07761788,0.18633255,0.36242652,-0.12894651,0.014185362,0.0874993,0.11657996,0.46349353,0.26615137,0.77896976,0.6567439,0.16895822,-0.9029795,-0.16998924,-0.39651376,-0.26184842,0.3293347,0.36330068,0.3144984,0.2617594,0.9871946,-0.17654276,0.06921665,0.23594788,0.1320351,0.80704135,0.43724278,-0.105461776,-0.49914804,-0.6083648,-0.31543088,-0.233788,-0.26298502,0.27075285,-0.28204477,0.6808756,-0.2630628
-14.377978,0.55861825,0.74830437,-0.23530996,-0.27960882,0.29068744,0.83363295,-0.79800963,0.59562075,0.5538892,0.23545355,-0.26815593,-0.1840189,0.33680508,-0.18599597,0.29941118,-0.04663825,0.3759063,-0.5207184,0.68295777,0.057623845,-0.9610974,-0.17084366,-0.2807233,0.6100079,-0.018288838,0.055097494,0.7761663,0.48594522,0.019869143,0.21088013,-0.020374093,0.0039811134,-0.007126093,-0.25503653,0.31539693,-0.11652808,-0.80745167,0.10144336,0.3536544,-0.5563511,0.051582046,0.7321269,0.07097308,-0.6417863,0.36920086,-0.65725607,-0.22988956,-0.09025442,-0.05957198,0.85159206
-14.190792,-0.06893653,-0.37371787,-0.4628232,-0.5283099,0.5604216,-0.5808015,0.36127877,-0.32373863,-0.8602535,-0.18477151,-0.2381203,-0.22249988,0.29447323,0.5926732,-0.019757748,0.20338547,-0.17464726,0.21871956,-0.3271152,-0.52405864,-0.33693647,0.047995117,0.33170083,-0.41105795,0.3739738,0.76721245,-0.2231359,0.2895727,-0.034353018,0.73838127,-0.25431004,0.27405122,0.39169133,-0.6759439,-0.6143925,0.34103927,0.37636927,0.04951573,-0.91612285,0.14026292,-0.4028699,-0.61850023,-0.21758246,0.07933977,0.2555389,0.21180224,0.2511718,-0.15365915,0.376571,-0.033418417
-14.828788,0.33874214,-0.8173364,-0.6408075,0.011045231,-0.7867759,-0.65282667,0.08174026,0.24942176,-0.09002325,0.3751715,-0.18375665,-0.56124914,0.56510645,0.06275104,0.2013769,0.14649497,0.6932397,0.5356911,0.38711858,0.823246,0.14183474,0.7033781,-0.30526167,-0.19457169,-0.21553825,-0.47961786,0.6169077,0.30741382,-0.20469195,-0.66771823,-0.69797564,0.748648,0.1107954,-0.035024993,0.7143267,0.24064718,0.27830088,0.7515343,0.71071196,0.9614101,-0.42285478,0.10962455,-0.07526364,-0.11972785,-0.16828158,0.84498835,0.37276357,-0.039418235,-0.52701056,-0.06386399
-14.42327,-0.24840291,0.2616358,0.90643054,0.69131714,0.18642293,0.37999812,0.8107288,-0.62770367,-0.99322003,0.66652083,-0.4338776,-0.8150282,-0.8123541,-0.49043187,-0.69512784,-0.44219822,-0.61497885,0.07239798,0.20332456,-0.23488301,0.9911508,-0.2309292,0.92329955,0.31442305,0.9913357,-0.502034,-0.17984533,-0.23387733,-0.6451833,0.4228297,-0.1254721,0.107416175,-0.5447141,0.5832316,0.5443497,0.06559818,0.71082675,-0.2354918,0.50025177,0.018030958,-0.6349858,-0.4191946,0.09638336,0.28866458,0.66247815,0.63100904,-0.054668434,0.5562448,0.45391026,-3.136468E-4
-14.180572,-0.30334282,0.5755685,-0.17988944,-0.5813925,-0.112078995,-0.42830697,-0.20891693,0.08318068,0.9557872,0.13580811,0.90948576,-0.9487514,-0.1573745,0.48863944,-0.41008735,-0.8906832,-0.74639904,0.4205625,0.9385757,0.7867049,0.35011572,0.0090573225,0.9816983,-0.18595345,-0.6814997,0.48287925,-0.67474824,-0.006078601,0.68438935,0.572161,0.27742538,0.86937493,0.62360346,-0.7170784,-0.91847235,0.028354406,0.51394236,-0.13920268,-0.096683756,-0.11196759,0.30273792,-0.6245049,0.45666978,-0.079170875,0.3074215,0.83633065,-0.2993221,0.29894578,-0.6010543,0.27305862
-15.427176,0.3448486,0.44862857,0.2982038,-0.07762097,0.94204336,0.044892907,-0.5978358,0.24377145,0.67028075,-0.42695895,0.567176,0.0423082,-0.3206539,-0.522712,0.4066911,-0.13832405,0.8350356,0.1884976,0.054808054,-0.04975845,0.7304616,-0.17564206,-0.23411636,0.05022859,0.510348,0.37762764,0.14858985,0.96321124,0.07247443,-0.29597014,-0.46257612,0.8346807,0.18618199,0.045433287,0.59087145,-0.85133785,-0.18546283,-0.605337,0.11610238,-0.486568,-0.14492455,-0.0043109166,0.33697465,0.027772903,-0.9671777,0.9570246,0.061215997,0.44302094,0.13869534,-0.3239442
-11.814666,-0.025118299,0.49160436,0.017748356,0.40591496,-0.4125502,-0.7009447,-0.47391486,0.4606944,0.06942018,-0.78374124,0.67583376,-0.13284257,-0.71531105,0.27722532,-0.30340174,0.22801562,0.27791,-0.64724696,0.2867371,0.3495485,-0.12980287,0.028248323,-0.35370484,-0.39849105,0.1462151,0.6614734,-0.15160602,0.16833776,-0.059276342,0.6515196,-0.42329505,0.24718116,0.92703396,0.11286741,0.033546757,-0.45616582,-0.20303567,0.22368968,-0.3401211,0.022005487,0.7760492,0.17852542,0.024043202,-0.65248084,0.5663046,0.0050417287,0.05527568,0.5265617,0.40944153,-0.20057452
-14.709565,0.031956315,-0.26741853,0.3565455,-0.37251058,0.013394422,-0.42057428,-0.81704724,-0.6666093,-0.42629078,0.082891054,-0.21137306,-0.15402293,-0.30021477,-0.24571943,-0.097560085,-0.18234727,-0.77395207,0.2691143,-0.60108453,-0.28097463,-0.6058975,0.45757595,0.4091722,-0.071451426,-0.35220733,-0.46272108,0.8028671,0.15104866,-0.7121239,-0.008261812,0.20209388,-0.8435464,-0.28294104,0.25011358,0.10171335,-0.42356312,0.0051212194,-0.5789605,0.9932157,0.32430017,-0.3748573,-0.95188105,0.6781355,-0.71813893,-0.15685038,-0.5367262,-0.053717684,0.19167876,-0.21205509,-0.3082541
-16.778318,-0.25367975,0.94281036,-0.4076421,0.18585347,0.15279524,-0.11875615,-0.5561882,0.308921,0.8775253,-0.2628527,-0.32372883,-0.8791403,0.038324304,0.13742924,-0.67813927,0.7325486,-0.4655104,0.3034328,-0.61707485,0.47662693,0.42646804,-0.16571724,0.83780843,-0.66990405,0.45278957,-0.34893826,-0.39668158,-0.50382304,0.20569302,-0.67614484,0.038742963,0.82002825,0.55006295,0.36349684,-0.42898083,-0.22703025,-0.3964702,-0.49685287,-0.6904702,-0.5925225,0.8376218,0.047864307,0.3504183,-0.75448817,-0.021033287,-0.66995066,0.45834485,0.30994248,0.22711769,0.7374675
-13.666598,-0.10161727,0.26891446,-0.01426542,-0.15787256,0.6014124,0.21787226,-0.031005768,0.24470177,-0.47324315,-0.18331142,-0.016148249,-0.20854554,0.7525056,-0.0777247,-0.23474689,-0.91600686,0.15031305,-0.26859593,0.01818263,0.16970034,0.3243845,-0.32250115,0.9054345,0.6663507,-0.054165885,0.6325321,-0.17978776,-0.24128264,-0.1303538,0.5171177,-0.32785314,0.13611397,0.71100867,-0.8055589,0.6823135,0.7989697,-0.3247714,-0.319206,-0.11091107,0.3328951,0.396951,0.19220138,-0.2178054,-0.47445908,0.73157483,0.5519114,0.015252407,0.9485663,0.3922623,-0.010422587
-16.760717,0.3571423,0.339304,-0.09839064,0.26904023,-0.013153771,-0.115884125,-0.6344761,-0.894844,0.059321307,-0.5271536,0.22407031,-0.33018297,-0.6558358,-0.6308621,-0.6683184,0.48442474,0.36103785,0.8746857,-0.3986641,0.43918154,0.19707161,-0.8740095,-0.7920773,-0.62018794,-0.5429307,-0.6636759,-0.5963733,-0.5999708,-0.68855774,-0.06006404,0.1133179,-0.34578314,-0.24423257,0.38302213,0.46585822,0.5195468,-0.99209565,-0.5604936,0.49440336,-0.3371635,-0.2676055,0.9412632,0.5569644,0.44560155,0.7748403,-0.20147675,-0.2980812,-0.24987766,0.66994554,0.21051589
-15.815848,0.23874658,-0.3831154,-0.456878,-0.21278572,0.23190601,-0.738854,0.41725647,-0.015757395,-0.031165361,0.26101905,-0.49739143,0.15774071,-0.64528054,-0.002640009,-0.40916124,-0.2835073,-0.76143116,-0.16768487,0.21395732,-0.2914465,0.2089539,0.4831208,-0.03724465,-0.22469173,-0.036382344,0.5827927,0.467062,-0.18482798,0.95824486,0.97993535,-0.5066884,0.40323734,-0.036369327,-0.8326968,0.18804829,0.8467965,-0.24727184,0.51166415,0.106741786,-0.4589003,-0.105897464,0.05285332,0.32369643,0.040691316,-0.25073782,-0.4979067,-0.5550946,0.70337635,0.5377499,-0.15416168
-14.081167,-0.116975784,-0.05171796,0.33131084,-0.8484549,-0.18531987,0.101889834,0.4191277,-0.2704851,0.27573794,0.90097475,0.2333054,-0.14858067,-0.376753,0.43049496,-0.32526913,-0.23283637,-0.703758,-0.53830063,-0.17478704,0.36757672,-0.30537528,-0.9534617,0.012453263,-0.003682762,-0.12160311,0.16182579,0.30603746,0.40528658,-0.8820137,0.7495153,0.3191844,-0.016489286,-0.7180257,-0.30882287,-0.62344646,0.20531993,0.3164075,-0.22803357,0.19122921,-0.8863505,-0.10121748,-0.09718268,0.42172596,0.10169414,-0.16639648,-4.6880232E-4,0.25797364,0.36258364,-0.35544655,0.9476313
-15.05337,0.5089232,0.026020266,-0.47682843,-0.20864107,0.39227614,-0.427136,0.053711742,0.42237568,-0.3572445,-0.80018437,-0.22870593,0.43346435,0.20038748,0.058028102,0.07248798,0.5976607,-0.8812219,-0.9339689,-0.40665108,-0.65785325,-0.10171008,-0.49269664,0.41239136,-0.27852416,0.4482629,-0.4963897,0.75124615,-0.10218721,0.16974536,0.33176196,-0.7275092,-0.118455224,-0.16513503,0.45484093,0.4853377,-0.26907817,-0.6829424,0.120224915,-0.0036586523,0.28117904,-0.52328104,-0.8817372,-0.37430355,-0.24237522,0.07101345,0.5133494,-0.4726572,-0.9019675,0.9129055,0.5534853
-12.43235,0.5830687,-0.44612294,0.096204996,-0.47617942,0.012655364,-0.21489346,0.40276664,-0.51622623,0.19692141,-0.24896158,-0.3285105,0.70644766,-0.3115488,-0.25267154,-0.14549673,-0.4877929,-0.12954223,-0.2932198,-0.42052913,0.30093178,-0.7394169,-0.4393002,0.511429,0.8330567,0.076123595,-0.6853266,0.6708126,0.24600628,-0.71778506,0.53048074,0.10886656,0.43634042,0.29150867,0.072011665,0.6215023,-0.24234104,0.04307694,-0.8177427,0.3353521,0.36274534,-0.101842165,0.48214608,0.8721097,0.37774482,-0.2504263,0.018078791,-0.93023705,-0.877889,0.21056937,0.49592072
-15.072665,-0.18067887,0.03615668,-0.65598845,0.86894065,0.31763524,0.4180042,0.35760552,-0.48882917,0.1719305,-0.7036277,0.5968811,0.041714195,-0.10173982,-0.2778319,-0.2565965,0.6230524,0.5684184,-0.19008946,0.10635306,-0.13819906,-0.5965504,-0.5339306,-0.36052513,-0.9840197,0.11505696,-0.6762533,0.27859703,-0.056003466,-0.8416427,0.82818294,-0.13337938,0.7339818,-0.7548888,0.26295197,-0.06308158,0.8562323,-0.22289127,0.26932812,-0.8204153,-0.049014773,0.3957922,0.43261075,0.035078764,0.03904605,-0.7340133,0.035693288,-0.07889864,0.17198311,-0.11396563,0.09349526
-14.5340395,-0.39358595,0.008215356,0.35337117,-0.30010828,-0.6974452,0.009757801,0.040441778,0.40958112,-0.59895647,0.809047,0.47672153,0.355384,0.23830041,-0.42252436,-0.8515191,-0.5000695,0.014532142,0.7225257,-0.43863085,0.687518,-0.108557574,-0.704029,-0.095639184,-0.6075025,0.0017262737,-0.24646449,-0.09492997,0.6413495,-0.43239874,0.017758153,0.28231022,-0.72556484,-0.4793755,0.1637,-0.22045663,-0.11993271,0.027157217,-0.6769891,0.3392061,-0.49533963,0.102300525,0.31001553,-0.043146953,0.24150382,-0.7593276,-0.17361544,-0.007714137,0.78536177,0.64944273,-0.23126504
-14.248819,0.5559236,-0.6101205,0.36017174,0.4374557,0.7283553,-0.18912631,0.29446563,-0.37394002,-0.20613785,0.9189808,0.71717143,-0.35823452,-0.8870777,-0.27616927,-0.7176381,0.28077972,0.32343027,-0.53647226,-0.13373864,0.88688284,-0.15674682,0.885973,-0.07303636,-0.28196603,-0.86644775,-0.8234049,-0.6525751,-0.61826134,0.403625,-0.300104,-0.15877108,-0.41926605,0.34338987,-0.50741315,-0.43224338,0.8237749,-0.33331344,-0.09323144,-0.46515942,-0.12488882,0.09129441,0.20139177,-0.32189694,0.37520298,-0.084132135,-0.94717884,-0.19838953,0.45230535,0.70477456,-0.09132807
-14.3325,0.43324053,0.1255145,0.641316,-0.2027727,0.27762818,-0.6528289,-0.27208894,0.5101537,-0.48000818,-0.14587645,0.021285653,-0.39566278,0.42992562,-0.3027818,-0.9473131,0.3046382,-0.24321093,0.008084111,0.5885119,0.9383545,-0.7393069,0.4206505,-0.13981332,0.364894,-0.97606105,-0.16555686,0.26031792,-0.26595795,-0.19736058,0.13300487,0.054694705,0.80323416,-0.2975654,-0.69490504,0.91296077,0.8222681,0.65446806,-0.14766161,0.035444062,0.91662014,0.6829331,-0.009615555,0.7348224,-0.42283094,0.32226264,0.69518834,-0.27272633,-0.20092,-0.6379196,0.033747107
-14.530187,-0.31897068,-0.044937827,0.54920536,-0.11183578,0.17299105,0.26930282,-0.6511782,0.8803907,-0.39621156,0.57469416,-0.16770297,-0.86013293,-0.9428206,-0.8966208,0.94617605,-0.6347496,-0.24193586,-0.74485266,-0.32397777,-0.35148185,0.04192397,0.9672656,0.25827438,0.39970082,0.5680637,0.09019613,0.13614213,0.882161,-0.46730524,-0.6045836,0.2265451,-0.15985644,-0.023055723,-0.41430533,0.075114764,0.11486962,-0.43021843,0.09393866,-0.7829776,0.21403763,-0.18748686,-0.5185783,-0.16424108,-0.39332023,-0.6705804,0.48358548,0.0023585672,0.21968344,-0.20275354,0.51884305
-14.549639,0.54650915,-0.06792283,-0.8611675,-0.22515072,0.9988194,0.094261125,0.02009934,-0.4296249,-0.06875671,0.28478256,0.4047818,-0.3188467,0.0054755025,-0.6116892,0.22539365,-0.090096675,-0.26200604,0.34383634,-0.4448717,0.0283322,0.05009651,0.19907379,0.3524139,0.19590242,-0.80753255,0.008507034,-0.40742213,0.33556622,0.1661736,-0.087217934,-0.6856376,-0.47914845,-0.04090288,0.61234456,0.38973334,0.9320733,-0.016754184,-0.07124555,-0.019552542,0.74328315,0.04311881,-0.16899411,0.058912754,0.0040878286,-0.29479918,-0.2722789,-0.021268563,0.045399863,0.14879847,0.37798172
-17.816465,-0.28273413,0.3932222,0.99662465,-0.81042564,0.746196,0.95250446,-0.25889367,-0.7085191,0.4895964,-0.8902724,-0.16747771,-0.13276637,0.43107834,-0.60560304,-0.36864516,0.26903188,-0.04522573,-0.3601318,-0.13466138,-0.46848002,-0.2930485,-0.31746128,0.89702845,-0.35999388,-0.04470367,0.18838339,-0.8989273,0.5493064,-0.2091631,-0.10734219,-0.14125898,0.7686437,-0.63725746,-0.32368508,0.1888744,0.043397464,0.044245735,-0.31486064,-0.54612696,0.83924705,0.31375113,0.27924338,0.45952448,-0.70533633,0.489385,-0.28702703,0.32626683,0.26588765,0.3944754,-0.6549791
-14.58259,-0.35022104,-0.012668014,0.44715655,0.21461129,0.024483196,-0.54827094,-0.16887,0.3253269,0.86948836,0.042708572,-0.044645905,-0.11466193,0.7760793,0.55147123,0.6267888,0.4263851,-0.09586394,0.59221554,0.18594787,0.24907313,0.5449641,-0.31528702,-0.2648485,0.03440559,-0.23251365,-0.8929474,-0.81958175,-0.59770864,0.024618726,-0.39493096,0.75064945,-0.35791108,0.25480884,-0.48350176,0.49028152,-0.6018792,0.46594182,-0.0038667393,-0.53041846,0.33101833,-0.94144756,0.52381843,-0.034316957,-0.024998065,-0.14352821,-0.05494881,0.1954008,0.35015285,-0.074856825,-0.80831784
-17.023512,-0.2519188,0.19806933,0.45360014,0.31147614,-0.8315431,-0.922475,0.39426598,-0.042624097,-0.52788,-0.23578566,-0.4905715,-0.7922595,-0.35464454,0.3424722,0.26503074,-0.19302133,-0.21583416,0.58289677,0.24684504,0.6022102,0.3809561,0.24654324,-0.48645058,0.37978497,-0.08538629,-0.5022576,0.16764714,-0.22141412,0.08741262,-0.6457704,0.27549002,-0.53698653,0.49973074,-0.14993787,-0.48664352,-0.2111427,0.022179723,-0.86764693,-0.5277732,0.3832513,0.29147863,-0.1266276,0.0035217497,-0.9088018,-0.17024203,-0.21409978,0.8010886,0.057140205,0.77011263,0.9139795
-15.389177,-0.520536,-0.031478047,0.9948584,0.28292394,-0.5541603,0.24050765,0.75811934,0.88062614,-0.16702151,0.64101857,-0.058713675,0.33189583,-0.68182147,0.20354366,-0.6845295,-0.33614475,0.6787605,-0.37166852,0.26104006,-0.2674987,-0.97903645,-0.3043813,0.21539064,-0.0024294893,0.24263543,-0.9949179,-0.33929032,0.051431842,0.64666164,0.4763014,0.6543299,0.12589036,-0.3895828,-0.27058816,0.4758014,0.4393958,0.4783883,0.6322563,-0.55308014,0.37691665,0.07126028,0.13313435,0.22077227,-0.46151033,-0.5003188,-0.6868387,0.65212876,0.12500507,-0.2715996,-0.1729778
-12.792659,0.33581734,0.043141823,0.3042399,-0.13626628,-0.66713506,-0.0066085854,-0.22592226,0.37590918,-0.12856351,-0.20522909,-0.73163044,0.43832335,-0.39129475,0.094841085,-0.54725254,-0.08688478,-0.25502518,-0.616787,-0.13775516,-0.8532752,-0.23147477,-0.4846621,0.64617807,0.001812926,0.14511186,0.15642405,0.18253697,0.054839633,0.78403777,0.84091824,0.14388964,-0.5321702,0.30683726,0.08548356,-0.21604118,-0.41314688,-0.50224775,-0.5164798,0.097186275,0.82087475,0.19190407,-0.27075365,-0.82263005,-0.3939208,-0.66372013,-0.79418737,0.59552944,0.054258112,-0.7378427,0.3130649
-15.373113,0.3641976,-0.6526495,0.40515795,0.34943497,-0.030510405,-0.23489943,0.46648017,0.2681221,-0.49629444,-0.46889302,0.022594089,0.41304135,-0.08412133,-0.4380893,0.65742123,0.21576068,-0.036515508,0.21592744,0.7944752,0.37319875,0.6912956,-0.67501,0.60332066,-0.048342228,0.412067,-0.6819845,0.83291715,0.32094434,0.07261264,-0.560176,-0.20156579,-0.6828741,-0.1314712,-0.2475146,0.08489797,-0.41058883,-0.095872164,-0.73504645,-0.06944115,-0.005781111,-0.24435867,-0.8188992,-0.5988076,-0.48480287,0.5017963,-0.26170963,0.43636587,-0.50983626,-0.42445382,-0.21258222
-14.364216,0.074169636,0.43863523,-0.6834622,0.070885025,0.17312656,-0.9065129,-0.5959234,-0.3251294,-0.22223222,-0.099275365,-0.3224876,-0.035531044,-0.4495908,0.477536,-0.098795906,0.2216267,-0.033780407,0.5955378,-0.035963923,0.3298273,-0.7549495,0.80397934,-0.93329734,0.79412055,-0.7311675,0.5453653,0.13491403,0.5007134,0.107777596,0.048615366,0.7303833,-0.23609702,0.5437048,0.9202424,0.31922978,0.4646402,-0.34731472,0.14324613,0.041642636,-0.35535336,0.96431434,0.10565751,0.523944,-0.68880767,0.6065208,0.41728666,-0.73359233,-0.8924752,-0.29117453,-0.44584742
-14.955084,0.19642237,-0.22410503,0.4286748,0.15548311,0.7006944,-0.68764424,0.2699849,-0.7403182,0.54680777,-0.4330837,0.4612354,-0.8524335,-0.43704355,-0.25487936,0.16327184,0.6789944,-0.6241735,0.27429163,-0.018346693,-0.79139864,0.17694116,-0.36976796,-0.068036914,0.31751925,0.42846566,-0.1253226,0.43197626,-0.24047689,0.27071393,-0.029973872,0.050987955,0.8018136,0.1983448,-0.37819222,0.6342131,-0.42727828,-0.064698994,0.02848339,0.9890731,-0.27340585,-0.1398446,0.1075437,-0.09244931,-0.72170013,0.06461229,-0.29181197,0.7287129,0.24417117,-0.4160558,0.33377877
-15.063192,0.50950265,0.03579404,0.026801586,-0.39070088,0.10595403,0.42966297,0.6324091,0.056241274,0.01741445,0.60025764,0.33741143,-0.027418522,0.7901142,0.7487149,0.12625133,-0.3560226,0.3023039,0.26318565,-0.051578693,-0.8308581,-0.73318577,-0.34402466,0.454432,0.013332607,-0.04787057,-0.19434525,0.27709702,0.81673694,-0.09651592,-0.04110344,-0.4320239,0.36717182,-0.64856154,-0.28080708,0.1582243,-0.45664224,-4.850626E-4,0.5185972,-0.1600373,-0.30939525,-0.02808843,-0.8453305,0.39125937,0.9727214,0.62721515,-0.06781269,0.0755683,-0.042418353,0.20930743,0.76468694
-14.577435,0.12416995,0.3476837,-0.13444126,-0.39398658,-0.31069916,-0.6289359,-0.028421283,-0.7307587,-0.48751402,0.120108545,-0.42084682,-0.45801532,-0.62850875,0.030769467,0.08477467,0.32447863,0.25706047,-0.37830535,-0.22763598,0.24510942,0.08213828,-0.45428076,-0.36543608,0.9364152,-0.15637979,-0.322984,-0.55815786,0.50548154,-0.08617907,0.004304839,0.2614535,-0.11270629,-0.44345412,-0.21434903,-0.056927606,-0.37277484,-0.18244116,0.47583795,-0.07859295,0.51693016,0.22060493,0.5348678,0.052587017,-0.20177913,0.30949092,-0.8661837,-0.9052009,0.008728873,0.44046077,-0.8065769
-12.299261,-0.6236132,0.18655446,-0.023240685,-0.22297704,0.48072985,-0.6156793,-0.20749211,-0.3574876,-0.38048804,-0.14132087,-0.47750035,0.07383749,-0.5088077,0.1415875,-0.6768776,0.37429518,-0.41088003,0.29496986,-0.2704985,-0.4675706,0.16802394,-0.67024,-0.061782252,-0.093612224,-0.31296068,-0.7065578,-0.45022947,-0.070278555,-0.07295826,0.07061185,-0.29644027,0.38339335,-0.37157598,-0.0395671,-0.8783267,0.24705048,0.25899425,-0.14552121,-0.12515424,0.6460389,0.7584076,0.16267006,0.18295072,-0.37676227,0.8172236,-0.2284143,-0.5100744,0.12858275,0.09983676,-0.19228823
-14.028204,-0.7636077,0.6204676,-0.9723767,0.097182006,0.823419,-0.044236153,0.53503644,0.10926807,-0.006555349,-0.23325548,0.49464387,0.27154744,-0.80542135,-0.5905724,0.7056479,-0.8118119,0.6615258,-0.47304907,-0.31176707,0.28133512,-0.8207535,0.13700147,-0.24736096,0.85674614,0.33936107,0.7879224,0.28008318,0.45293763,0.5041616,0.22788768,0.54007405,-0.6516512,0.058434986,-0.7262344,-0.92317396,0.028275112,0.865169,-0.24731076,-0.3285966,0.4028653,-0.15789597,-0.6370945,0.26237524,0.27191678,0.69338095,-0.21389338,-0.22759156,0.4830213,-0.75240225,0.1060598
-14.743053,0.533956,-0.010699858,0.47403526,-0.25569737,-0.6299752,-0.3507855,0.49872327,0.21790226,-0.17555058,-0.22232017,-0.21221092,0.36782855,0.5043342,-0.64437306,-0.6227736,0.97483,0.36718273,-0.34563175,-0.8673561,-0.3231142,0.4072873,0.41479278,0.8564016,0.38130367,-0.17548834,0.10913704,0.090894066,-0.72124475,-0.2550888,0.94052684,0.53478986,-0.52198625,0.30333474,0.49872297,-0.040448006,-0.5365836,-0.4298253,-0.11467448,-0.13994227,-0.054013193,-0.64924043,0.05658806,0.9082542,0.5547051,-0.4193134,-0.1807341,-0.26515755,0.15930296,0.5042532,0.1327749
-14.5942545,0.40655205,-0.44543263,-0.65109575,0.105287015,-0.60491186,0.22949249,0.18325894,-0.17749748,-0.07941882,-0.43359017,-0.090481356,-0.661974,-0.39627996,0.48585102,-0.9423645,0.36399674,-0.6410252,0.35895124,-0.6808982,0.1759067,0.20348449,-0.25619707,0.05072028,-0.045492005,-0.03786654,0.51860505,-0.1960613,0.21758707,0.3986057,-0.15368643,-0.09481395,-0.08487531,0.19697225,0.3420495,-0.061522096,-0.44978833,0.53519374,-0.26138434,0.018452525,0.15451887,0.3322516,-0.008197427,0.07880645,-0.0058986945,0.52648383,0.3298913,-0.30042747,-0.32568407,-0.37339345,0.22871053
-14.532383,0.71103555,0.8103744,0.123625554,0.5963964,-0.4748503,0.97321695,0.8549064,-0.5803001,-0.25595453,0.2921825,-0.6892779,-0.55141354,0.43318763,0.77195644,0.73172915,0.78053653,0.28736418,-0.17599197,-0.080719784,0.2709751,0.4141157,-0.099670045,0.94883,-0.54952717,-0.6690997,-0.1293721,-0.626253,-0.87891394,0.47350916,-0.31403667,0.3023281,-0.17465626,0.2760022,0.87718093,-0.15144302,0.1298995,-0.6027216,-0.16535778,0.39895502,0.9740246,0.12602687,-0.22962132,-0.08771036,-0.16662773,0.14447676,0.18961325,-0.38318294,0.9465593,-0.6179418,-0.0038644203
-16.068008,-0.85285413,-0.13748,0.3295438,-0.14809155,-0.3391094,0.7192082,-0.9621551,0.1734781,-0.63117194,0.29081526,0.1585665,0.07036959,-0.31879514,-0.18135925,-0.21110478,0.77919096,0.26985282,-0.85316265,-0.5218851,-0.4418605,-0.3185773,-0.5146024,-0.14339878,-0.10235785,-0.29208297,-0.5209797,-0.031247232,-0.12040174,-0.7365187,4.5530376E-4,0.057885367,0.01809969,-0.1804359,0.5159854,-0.5173762,0.2592442,-0.740127,-4.6610832E-4,-0.024167404,-0.16623342,-0.037757404,-0.77946055,-0.80227005,0.275943,0.94822913,0.13793974,-0.15545794,0.3779956,0.5720838,0.6570464
-13.160972,0.9380025,-0.7053333,-0.07216164,-0.09400746,-0.5720683,0.55200905,-0.10519898,0.38315272,0.73302495,0.4468737,0.005471572,2.4306937E-4,-0.72072417,-0.9677869,-0.064630985,-0.3846629,-0.15893556,-0.7780247,0.05078965,0.24959631,-0.3666048,0.52418464,-0.24662197,0.14600551,-0.33036408,0.12518221,0.050218854,0.05958957,-0.9680809,0.23055433,0.03501343,0.3238819,0.27788877,-0.28565797,0.61124206,0.6023403,-0.0019248724,-0.34706867,-0.7834005,-0.21456909,0.26216018,0.34172535,-0.56648666,-0.3319764,0.87807256,0.16662371,-0.5053457,-0.22696064,0.23639654,0.054734945
-14.368474,-0.6838345,0.48720858,-0.09365231,-0.18429095,-0.4843344,0.9093064,0.5096252,0.16779634,0.6502147,-0.44915473,0.66151506,-0.3650444,0.45997438,-0.71532494,-0.7686122,0.004312277,-0.3813708,0.029425945,0.113588095,0.022526024,0.8361393,0.21932033,-0.13518585,-0.080649614,-0.7253315,-0.33257985,0.18557897,-0.6451771,0.37150836,-0.3531105,-0.61884385,-0.010762107,-0.01604897,-0.68961126,0.30237758,0.265428,-0.80047977,0.4365418,-0.72221667,-0.31902885,-0.24342531,-0.5372214,0.038352694,-0.06767082,0.08302722,0.9101638,-0.5324803,-0.20138796,-0.34455717,0.78771484
-25.757072,0.2891976,-0.19484538,-0.8122616,-0.013205528,0.12797067,0.093038596,0.774575,-0.22926809,0.038104255,0.09277769,-0.5015167,-0.0109142065,-0.4470807,-0.23220384,-0.54554874,-0.80614173,0.19997945,0.09238241,-0.61605024,0.56401503,-0.39557454,-0.7214664,-0.19984537,0.6457237,0.46793985,0.6953169,0.34574,-0.9180243,-0.2423898,-0.01502231,-0.24378896,-0.019067463,0.42557514,0.28760684,-0.20537472,-0.56011707,0.51310724,-0.65374494,0.08726382,-0.4524695,0.0457412,0.07662382,-0.20713282,0.21744378,-0.4054149,-0.20322892,0.10478207,0.75107545,-0.8005063,0.4880558
-12.848162,0.7868071,0.5426358,-0.96069384,0.058270175,0.14337294,-0.0033652089,-0.72846264,-0.43687463,0.6238825,-0.9816693,0.14987342,0.9991745,0.033602238,-0.52576286,-0.70504683,-0.045656323,-0.1524236,0.60017884,0.6380286,-0.05939992,-0.015635405,0.17785406,-0.6124317,-0.13660586,0.37036154,0.38605136,-0.22249097,-0.4499148,-0.26247442,-0.9047065,0.042424202,-0.42498252,-0.24345145,-0.9336277,0.6086539,-0.5384983,-0.5806432,0.5582575,0.46722627,0.24758026,-0.31396818,-0.35773623,0.68277866,-0.19828933,0.059552412,-0.8686274,-0.5745594,-0.50428945,-0.5047691,-0.91640216
-15.467474,-0.5057174,0.17000803,-0.17187548,-0.8850198,0.16357684,-0.94623435,-0.39445925,0.004552936,-0.67497075,-0.23355284,-0.9456717,0.10164014,-0.5802769,0.17696504,-0.5720218,0.444789,-0.10780442,0.06463349,-0.044633865,-0.10770202,0.5321122,-0.16171962,0.23972139,-0.732133,0.8305142,0.843078,0.45783064,-0.32824162,-0.03219056,-0.8405597,0.42397165,0.75774497,0.07811488,-0.1936105,-0.5596055,0.022248374,-0.08963567,-0.23285328,0.1511451,0.28177282,0.20371382,-0.55101997,-0.5540156,-0.5107547,0.15512508,0.1869818,0.020616543,-0.2799895,0.04195497,0.37684625
-15.018366,0.7248364,-0.42144027,-0.44844455,-0.246584,-0.16157433,0.14565095,-0.0665204,-0.29322606,-0.6622013,0.6484676,-0.20330296,0.66952735,0.31269026,-0.22470976,0.7537772,0.5836844,0.09668592,0.003543518,-0.75486606,0.13080034,0.3382092,0.33134753,0.10560207,-0.62351185,-0.25075772,-0.58539766,0.49187067,0.9417279,0.11509666,0.42484608,0.66289186,0.01313591,-0.4831545,0.22852066,0.5414384,0.63170445,-0.110111065,-0.7962142,0.6484247,0.6055298,-0.7409904,0.6416413,0.7813609,0.36492744,0.19831295,0.31022194,-0.3513057,0.06992698,0.19735956,0.41258097
-15.467172,-0.3299242,-0.30832744,-0.21574044,-0.25870508,-0.5449057,0.3028937,0.033194304,0.15707725,-0.8620194,-0.15301025,-0.46145582,0.7769712,-0.035877433,-0.5642317,-0.45381954,-0.94538903,-0.08318993,-0.49925807,-0.6405965,0.06923175,-0.7936653,0.5435389,0.36927572,-0.24772084,0.47563455,-0.016385457,0.08389604,-0.32701647,0.033958297,0.5255273,0.18694615,-0.772376,0.9802916,-0.39310572,0.37644216,0.36993903,-0.19827747,0.08798645,0.7682175,-0.16125166,0.62634045,-0.0061472654,0.30847332,-0.73967814,0.3377744,-0.008615876,0.40480167,0.5094071,-0.13650134,-0.15025389
-15.010199,-0.60198134,-0.42909184,0.41186318,-0.17735296,-0.18773621,-0.288313,0.18853563,-0.058398046,0.38769838,-0.063173346,-0.71495736,0.32076615,0.48056814,-0.11976242,0.24829936,0.007742882,-0.020694567,-0.36636767,0.514659,0.026175123,0.2511401,0.045040183,-0.038781703,0.06308369,0.19861259,-0.16173193,0.352507,0.49345875,-0.7021365,0.479455,0.3456654,-0.67567164,-0.65825164,0.45767254,-0.13833964,-0.5404869,0.29902595,0.14467715,-0.7510159,0.40445358,-0.14136232,-0.251678,0.048174363,0.56853604,-0.82250595,0.942235,0.059157614,0.42162672,-0.32334134,0.24430704
-14.227395,0.6122252,-0.61748546,0.9394645,-0.93436515,-0.3234458,0.26870337,0.15870667,-0.44054052,-0.49374673,0.35749626,0.27835268,-0.70716435,-0.6528531,0.5665775,-0.15287761,0.2772131,-0.36733127,-0.8392611,-0.13331033,0.10263505,-0.62437457,0.9208392,-0.31018624,0.5153795,0.4760342,-0.6900785,0.045861363,-0.77378494,-0.48477957,-0.3028654,0.46306667,0.3227944,0.6109138,-0.49202538,-0.018413544,0.17890215,0.7585179,0.6578599,-0.057053696,-0.34435794,0.41430968,-0.2656376,0.7304921,-0.47103503,-0.36314183,0.6775197,-0.7314226,0.90731996,-0.22088414,-0.06387949
-12.079677,-0.24311788,-0.011886431,0.17359863,-0.13033475,0.5827954,-0.027489662,-0.79701424,0.24389985,-0.3910197,-0.6192195,0.9317301,-0.5377571,0.047834873,0.7532089,0.54340607,0.07673479,-0.8995115,0.6894818,0.86097395,-0.7553692,-0.951041,0.53755826,0.72886866,0.8487338,-0.97041696,-0.35534978,0.33328548,0.2703197,0.25535345,-0.05151924,0.55440724,0.030794445,-0.38582778,0.014191967,-0.30701187,-0.6158871,0.6697817,-0.7971836,0.06374889,-0.37594447,0.20835976,-0.5215921,0.45914987,0.33730245,-0.7114014,0.863529,-0.37428725,0.9708594,0.043617863,0.4216044
-13.168357,0.011193991,0.3112425,-0.8871374,-0.34176236,0.15369901,-0.19632329,-0.08749609,-0.53897136,-0.10457885,-0.30169243,0.02035559,-0.9158803,0.3719641,0.5861327,-0.23798488,-0.6771172,-0.3017187,0.23589915,0.08708957,0.24083583,-0.027668595,-0.10208482,-0.31876552,-0.77684194,0.14855848,-0.46101266,0.17469835,0.25326604,-0.1018976,-0.24355546,0.49392807,0.01639998,0.8415313,-0.261391,0.75177884,0.62658674,-0.50293994,0.16508272,-0.017836392,-0.5662965,-0.502044,-0.06089306,0.24363495,-0.3352676,0.30054554,0.23044896,0.36494908,-0.3672569,-0.44319704,0.4696803
-12.650715,-0.016276624,-0.36152393,0.51636213,0.36177596,-0.25336578,0.58107287,0.0010109027,-0.13065474,0.08478216,-0.10487727,-0.86049676,0.70168793,-0.5368792,-0.35357124,-0.746524,-0.17093275,-0.2865417,-0.53879446,-0.12661642,0.04129168,-0.89811724,0.19189197,-0.4555208,0.6235522,0.16714405,0.22591445,0.12990172,0.50844216,0.90552694,0.21755534,0.88140714,-0.032817233,-0.40585393,0.018482236,0.11700338,-0.77336925,-0.27662656,0.44744325,-0.7691412,0.3259685,0.6425907,-0.1077832,0.23483323,0.51326305,-0.17384803,-0.32724473,-0.10845285,-0.7983286,-0.81499255,-0.38864842
-16.302637,0.033869028,-0.47771877,-0.4601387,-0.590645,0.7489349,0.8969878,0.8460307,-0.37246075,-0.5366194,0.81897414,-0.18684176,0.4035845,-0.1791475,-0.77708346,-0.48042044,-0.29948166,0.54265946,0.38979438,0.18143767,-0.13795672,-0.7833563,-0.4826276,0.053038355,-0.1861538,0.9424169,0.18420029,0.03209874,0.24258006,-0.08637722,-0.07735075,0.5838238,0.33194673,-0.063108295,-0.10098088,0.5465698,-0.6436203,0.1937594,0.63069147,-0.6518555,-0.6606276,0.7056552,-0.20251721,0.6500169,-0.16401196,0.3233423,-0.18200223,0.10616727,0.15378636,0.36985198,0.34100258
-14.972156,-0.62308466,-0.89906746,0.75241,0.9789348,0.18331973,0.29875827,0.9559204,-0.15332274,-0.21627465,-0.61229193,0.27790153,0.09392047,-0.12630545,0.37848502,0.2151494,-0.45163202,0.9505725,0.59872764,0.3647076,0.29745227,0.18386978,0.124783516,0.6649438,-0.08660339,0.70522505,0.20195925,0.9966835,0.31774282,-0.87677795,0.3196837,-0.7252284,0.23670308,-0.20295176,-0.43251523,0.46787214,0.7779732,0.09281742,-0.49037787,-0.3818229,-0.021392584,0.30153334,0.59009767,-0.9954556,0.33072844,-0.103372954,0.5199481,-0.5843406,0.009460211,-0.19025885,0.44488183
-14.873127,-0.255999,0.15675089,0.1731075,0.26576406,0.37299564,-0.21212514,-0.1947436,0.9765203,0.2830403,-0.6195636,-0.22505234,-0.17863,-0.100391984,-0.49448487,-0.16764343,0.58607304,-0.43435153,-0.6828564,0.14841767,0.541973,-0.21761358,0.34429815,-0.53865147,0.3929342,-0.3098953,0.15972154,-0.11269421,0.19387068,0.7744172,-0.03155805,0.106108464,-0.39869857,0.2579449,-0.027058193,-0.61321574,-0.53000957,0.33885407,-0.4771725,-0.46082646,-0.36307454,-0.028118372,0.6478244,-0.9573025,-0.3825032,-0.15655895,-0.022596002,0.5720911,0.76913255,-0.023226766,0.38528073
-14.333401,0.15815577,-0.031986605,-0.5876047,0.6065487,0.02285405,0.22875758,-0.7824969,-0.05591917,-0.015723096,-0.23429048,-0.14704919,-0.73410463,0.29324555,0.1591238,-0.64565635,0.875177,0.43931216,-0.39137894,-0.61923045,0.97698885,0.33637315,0.31333393,-0.8494852,0.38201454,0.021764176,-0.8522729,-0.24899082,0.4106727,-0.60108256,-0.94557875,-0.10756499,0.34292686,-0.33207783,-0.18587826,0.5878413,0.60657746,-0.78334266,-0.9508021,-0.8493434,0.13283515,0.27726385,-0.1124358,0.672893,-0.37364578,0.4131018,-0.24910541,0.033856407,0.5998608,0.7858686,-0.15417624
-15.227564,-0.9160032,0.6308905,-0.9985481,0.4090879,0.17629412,0.76125956,0.09790396,0.2550492,0.060745623,0.21516417,0.8882912,0.44584075,0.91365296,0.62900335,0.11579164,-0.58977276,-0.7643572,0.9491073,0.43506202,0.04019686,0.6414189,-0.83003056,0.4678718,-0.052524574,0.60394025,-0.8453336,-0.935287,0.48152512,-0.19239637,0.63861346,-0.05113232,-0.16217756,-0.44659805,-0.13095844,-0.22516106,-0.5043181,-0.66726667,0.44461575,0.7976279,-0.9780108,0.17651005,0.023575902,0.23143828,0.010497145,0.18375346,-0.29995015,0.864692,-0.40111005,-0.7358433,-0.21522558
-14.7598715,0.45191678,0.16422705,0.8847889,-0.18371937,-0.10062294,-0.035653234,-0.911824,0.33479726,0.296722,0.1500692,0.51388055,-0.32529837,-0.2577321,-0.5473256,-0.012361633,0.17982867,0.13289769,0.20509444,0.10524106,-0.46733955,0.38037008,-0.40512437,0.43348107,-0.32916534,0.30659604,0.16579993,-0.6285183,-0.09614491,0.09415409,0.2546427,-0.44417748,-0.36655638,-0.8241391,-0.9412425,0.40764663,0.56477267,-0.5682556,0.32734078,-0.20907189,-0.100408554,-0.60060394,-0.4313466,0.00806272,-0.5479669,-0.6403871,0.12066738,0.41303396,0.25923377,0.30851474,0.124242544
-13.073918,-0.511697,-0.24311371,-0.40895116,-0.40127587,0.3871118,0.5316652,-0.681611,0.74065125,-0.61005723,0.4120682,-0.8266095,-0.17168713,0.026173115,-0.35082507,0.3277407,-0.25056145,0.09706723,-0.32297787,-0.109804735,-0.37537637,-0.72311795,0.049831033,0.74366367,0.44459653,0.51163995,-0.14707151,-0.40697494,-0.042496786,0.06828516,0.44292295,-0.71618885,-0.15286873,0.20870191,-0.97965175,0.13804577,-0.68027896,-0.8878575,0.38147447,0.6861838,-0.20220995,-0.51163495,-0.4040495,0.81517476,-0.08152104,0.16789451,-0.44600403,0.25706542,-0.49387586,-0.17338319,0.60652244
-17.659962,-0.873921,-0.14209366,0.54166347,0.04620457,-0.32377124,-0.79031503,-0.20043828,-0.38674173,-0.8836474,-0.012471794,-0.42134374,0.36330178,0.48937654,-0.24636301,0.6570976,-0.9469826,0.6070369,0.7542593,0.20100774,-0.13711163,-0.2674733,-0.6329807,-0.39229918,-0.8645072,-0.28516662,-0.6310061,0.88258755,-0.49365437,-0.56285226,0.7385109,-0.7447546,-0.50088185,0.11191216,0.47136366,0.6278332,0.41251495,0.050784774,0.85674715,-0.37823534,0.88520986,-0.18817317,-0.693551,-0.73385507,0.05526268,-0.6622773,0.55455214,-0.025797993,-0.6241443,9.7341987E-4,-0.73062426
