neur0,input0,neur1,input1,neur2,input2,neur3,input3,neur4,input4
0.458834,0.0,0.51766086,0.0,0.5553801,0.0,0.44416887,0.0,0.43637443,0.0
0.4555506,0.006107299,0.47733423,0.0,0.57679284,0.0,0.35275343,0.0,0.30567926,0.0
0.41613296,0.012214598,0.4650224,0.0,0.5906385,0.0,0.2710473,0.0,0.18028773,0.0
0.34560728,0.018321898,0.4715697,0.0,0.5971025,0.0,0.21087252,0.0,0.065897964,0.0
0.25167483,0.024429196,0.48650792,0.0,0.5958949,0.0,0.17770337,0.0,-0.03188522,0.0
0.14618297,0.030536497,0.50108224,0.0,0.5867526,0.0,0.17078355,0.0,-0.1091594,0.0
0.04294371,0.036643796,0.5095117,0.0,0.5698487,0.0,0.18498155,0.0,-0.16453317,0.0
-0.046473112,0.042751092,0.50876456,0.0,0.54591143,0.0,0.21300438,0.0,-0.19876735,0.0
-0.11541199,0.048858393,0.49771115,0.0,0.51611286,0.0,0.24731793,0.0,-0.21393093,0.0
-0.16191976,0.054965694,0.47638845,0.0,0.48188797,0.0,0.28144166,0.0,-0.21269958,0.0
-0.18705748,0.061072994,0.4456164,0.0,0.44478053,0.0,0.31052306,0.0,-0.19799614,0.0
-0.19335696,0.0671803,0.40687707,0.0,0.40633604,0.0,0.33135384,0.0,-0.17289415,0.0
-0.18397947,0.07328759,0.36227667,0.0,0.36802265,0.0,0.34211165,0.0,-0.14062382,0.0
-0.16242169,0.07939489,0.31444052,0.0,0.33115914,0.0,0.34206915,0.0,-0.10454122,0.0
-0.13244367,0.085502185,0.2662703,0.0,0.2968386,0.0,0.33139512,0.0,-0.06798171,0.0
-0.09796467,0.091609485,0.2205891,0.0,0.26585355,0.0,0.3110596,0.0,-0.034000892,0.0
-0.062815815,0.097716786,0.17977162,0.0,0.23864472,0.0,0.28277847,0.0,-0.0050774543,0.0
-0.030382313,0.10382409,0.1454676,0.0,0.21529524,0.0,0.248904,0.0,0.01712199,0.0
-0.003258252,0.10993139,0.11847989,0.0,0.19557628,0.0,0.21219383,0.0,0.031845763,0.0
0.0169642,0.11603869,0.09879637,0.0,0.1790313,0.0,0.17546685,0.0,0.039214693,0.0
0.029721254,0.12214599,0.08573424,0.0,0.16507447,0.0,0.14122967,0.0,0.040066592,0.0
0.03534788,0.1282533,0.07814449,0.0,0.15308343,0.0,0.11138173,0.0,0.035736974,0.0
0.03485712,0.1343606,0.07463107,0.0,0.14247364,0.0,0.087067716,0.0,0.027821062,0.0
0.02968888,0.1404679,0.07375187,0.0,0.13275051,0.0,0.06868085,0.0,0.017951397,0.0
0.02146781,0.14657518,0.07418046,0.0,0.12353923,0.0,0.05597468,0.0,0.0076148575,0.0
0.01179314,0.15268248,0.0748186,0.0,0.114594504,0.0,0.04823048,0.0,-0.0019764968,0.0
0.0020745636,0.15878978,0.07485771,0.0,0.10579353,0.0,0.044438064,0.0,-0.009955955,0.0
-0.0065775765,0.16489707,0.07379495,0.0,0.0971167,0.0,0.043463968,0.0,-0.015818438,0.0
-0.013406085,0.17100437,0.071413316,0.0,0.088621125,0.0,0.044192653,0.0,-0.019393535,0.0
-0.018010305,0.17711167,0.06773655,0.0,0.08041166,0.0,0.04563342,0.0,-0.02078908,0.0
-0.020310365,0.18321897,0.062969774,0.0,0.07261348,0.0,0.046990566,0.0,-0.0203187,0.0
-0.020485643,0.18932627,0.057434883,0.0,0.06534879,0.0,0.047698174,0.0,-0.018424664,0.0
-0.018900273,0.19543357,0.05150836,0.0,0.058719236,0.0,0.047423974,0.0,-0.015604626,0.0
-0.016026193,0.20154087,0.04556688,0.0,0.05279457,0.0,0.046048917,0.0,-0.012348519,0.0
-0.012371855,0.20764817,0.039944753,0.0,0.047607303,0.0,0.04362982,0.0,-0.009089604,0.0
-0.008422269,0.21375547,0.034904934,0.0,0.043152716,0.0,0.040352624,0.0,-0.0061716074,0.0
-0.0045939996,0.21986277,0.030623801,0.0,0.03939301,0.0,0.036482662,0.0,-0.0038319863,0.0
-0.0012065867,0.22597007,0.027188437,0.0,0.036264375,0.0,0.032317664,0.0,-0.0021997315,0.0
0.0015300182,0.23207738,0.024604015,0.0,0.033685535,0.0,0.028147558,0.0,-0.0013048698,0.0
0.0035140272,0.23818468,0.022808343,0.0,0.031566612,0.0,0.024223758,0.0,-0.0010962251,0.0
0.004739492,0.24429198,0.021690512,0.0,0.029817225,0.0,0.020739188,0.0,-0.0014638206,0.0
0.0052767107,0.25039926,0.021110782,0.0,0.028353233,0.0,0.017818812,0.0,-0.002262593,0.0
0.005248946,0.2565066,0.020919388,0.0,0.027101573,0.0,0.01551942,0.0,-0.0033346906,0.0
0.0048086704,0.26261386,0.020972524,0.0,0.026003197,0.0,0.013836689,0.0,-0.0045283446,0.0
0.0041158693,0.2687212,0.021144433,0.0,0.02501412,0.0,0.012717219,0.0,-0.0057120915,0.0
0.0033202027,0.27482846,0.021335201,0.0,0.024104895,0.0,0.012073176,0.0,-0.006783875,0.0
0.002548032,0.2809358,0.021474343,0.0,0.023258891,0.0,0.011797481,0.0,-0.0076751844,0.0
0.0018945968,0.28704306,0.021520711,0.0,0.022469763,0.0,0.011777836,0.0,-0.008350868,0.0
0.0014210562,0.29315037,0.021459505,0.0,0.021738568,0.0,0.011908384,0.0,-0.008805555,0.0
0.0011556485,0.29925767,0.021297328,0.0,0.02107086,0.0,0.012098317,0.0,-0.009057807,0.0
0.0010979755,0.30536497,0.021056168,0.0,0.020474073,0.0,0.012277173,0.0,-0.009143059,0.0
0.0012252975,0.31147227,0.020767184,0.0,0.019955361,0.0,0.012396987,0.0,-0.009106354,0.0
0.0014997609,0.31757957,0.02046494,0.0,0.019520063,0.0,0.0124317575,0.0,-0.008995638,0.0
0.001875623,0.32368687,0.020182583,0.0,0.019170735,0.0,0.012374824,0.0,-0.008856217,0.0
0.0023057247,0.32979414,0.019948276,0.0,0.018906776,0.0,0.0122348815,0.0,-0.008726655,0.0
0.002746718,0.33590147,0.01978292,0.0,0.018724527,0.0,0.012031341,0.0,-0.00863625,0.0
0.0031627724,0.34200874,0.019699192,0.0,0.018617723,0.0,0.011789607,0.0,-0.008604014,0.0
0.003527709,0.34811607,0.019701649,0.0,0.01857818,0.0,0.011536821,0.0,-0.008638909,0.0
0.0038256801,0.35422334,0.019787693,0.0,0.018596578,0.0,0.011298356,0.0,-0.0087410845,0.0
0.0040506376,0.36033067,0.019949086,0.0,0.01866325,0.0,0.011095287,0.0,-0.008903743,0.0
0.0042049033,0.36643794,0.020173753,0.0,0.018768875,0.0,0.010942878,0.0,-0.009115326,0.0
0.0042971773,0.37254527,0.02044763,0.0,0.018905016,0.0,0.010850015,0.0,-0.009361722,0.0
0.0043403218,0.37865254,0.02075632,0.0,0.019064508,0.0,0.010819438,0.0,-0.009628257,0.0
0.0043491814,0.38475987,0.021086475,0.0,0.01924165,0.0,0.010848582,0.0,-0.009901326,0.0
0.004338665,0.39086714,0.021426773,0.0,0.019432224,0.0,0.010930804,0.0,-0.010169559,0.0
0.004322229,0.39697444,0.021768508,0.0,0.019633403,0.0,0.011056776,0.0,-0.0104245115,0.0
0.004310836,0.40308174,0.022105796,0.0,0.01984355,0.0,0.011215886,0.0,-0.010660903,0.0
0.0043123816,0.40918905,0.022435445,0.0,0.020061951,0.0,0.011397464,0.0,-0.010876483,0.0
0.0043315617,0.41529635,0.022756623,0.0,0.02028853,0.0,0.011591789,0.0,-0.011071615,0.0
0.004370098,0.42140365,0.023070332,0.0,0.020523598,0.0,0.011790779,0.0,-0.011248672,0.0
0.0044272114,0.42751095,0.023378829,0.0,0.02076759,0.0,0.011988375,0.0,-0.011411372,0.0
0.004500254,0.43361825,0.023685053,0.0,0.021020899,0.0,0.0121806525,0.0,-0.011564103,0.0
0.004585395,0.43972555,0.023992121,0.0,0.021283736,0.0,0.012365691,0.0,-0.011711333,0.0
0.0046782778,0.44583285,0.024302892,0.0,0.021556059,0.0,0.012543283,0.0,-0.011857129,0.0
0.0047745914,0.45194015,0.024619693,0.0,0.02183755,0.0,0.012714525,0.0,-0.012004832,0.0
0.0048705144,0.45804745,0.024944128,0.0,0.022127632,0.0,0.012881373,0.0,-0.012156864,0.0
0.0049630096,0.46415475,0.02527705,0.0,0.022425525,0.0,0.013046215,0.0,-0.012314683,0.0
0.0050499765,0.47026205,0.025618566,0.0,0.022730308,0.0,0.013211489,0.0,-0.012478832,0.0
0.0051186997,0.47498062,0.025966253,0.0,0.023039175,0.0,0.013381014,0.0,-0.012648233,0.0
0.0050815237,0.46887335,0.026302325,0.0,0.023335634,0.0,0.013569896,0.0,-0.012814164,0.0
0.004963821,0.46276602,0.026610056,0.0,0.023607174,0.0,0.013784052,0.0,-0.012964631,0.0
0.004791889,0.45665872,0.026875164,0.0,0.02384505,0.0,0.014021816,0.0,-0.013087573,0.0
0.004590531,0.45055145,0.027086826,0.0,0.024043916,0.0,0.014275936,0.0,-0.013173023,0.0
0.0043811896,0.44444415,0.02723819,0.0,0.024201313,0.0,0.014535679,0.0,-0.013214364,0.0
0.0041807424,0.43833682,0.02732644,0.0,0.024317112,0.0,0.014788849,0.0,-0.013208797,0.0
0.00400096,0.43222952,0.02735244,0.0,0.024392901,0.0,0.015023527,0.0,-0.01315721,0.0
0.0038485585,0.42612225,0.027320098,0.0,0.024431424,0.0,0.0152294,0.0,-0.013063607,0.0
0.0037257187,0.42001495,0.02723555,0.0,0.024436062,0.0,0.015398653,0.0,-0.012934281,0.0
0.0036309336,0.41390762,0.027106278,0.0,0.0244104,0.0,0.015526411,0.0,-0.012776881,0.0
0.0035600327,0.40780032,0.026940275,0.0,0.024357907,0.0,0.015610777,0.0,-0.012599505,0.0
0.003507236,0.40169305,0.026745329,0.0,0.024281701,0.0,0.015652562,0.0,-0.012409899,0.0
0.0034661395,0.39558575,0.02652845,0.0,0.024184434,0.0,0.015654774,0.0,-0.012214864,0.0
0.0034305372,0.38947842,0.026295511,0.0,0.024068234,0.0,0.0156220095,0.0,-0.012019837,0.0
0.003395043,0.3833711,0.026051056,0.0,0.023934746,0.0,0.015559771,0.0,-0.011828719,0.0
0.0033554824,0.37726384,0.025798267,0.0,0.023785187,0.0,0.015473862,0.0,-0.01164385,0.0
0.003309075,0.37115654,0.025539085,0.0,0.023620449,0.0,0.015369849,0.0,-0.011466173,0.0
0.0032544278,0.3650492,0.0252744,0.0,0.023441205,0.0,0.015252671,0.0,-0.011295471,0.0
0.003191386,0.35894194,0.025004303,0.0,0.023248008,0.0,0.015126372,0.0,-0.011130675,0.0
0.0031207826,0.35283464,0.024728375,0.0,0.023041375,0.0,0.01499399,0.0,-0.01097019,0.0
0.0030441447,0.34672737,0.02444592,0.0,0.02282186,0.0,0.014857557,0.0,-0.010812198,0.0
0.0029633811,0.34062,0.0241562,0.0,0.022590086,0.0,0.014718194,0.0,-0.010654906,0.0
0.0028805062,0.33451274,0.023858601,0.0,0.022346765,0.0,0.014576273,0.0,-0.010496751,0.0
0.0027974036,0.32840544,0.023552747,0.0,0.0220927,0.0,0.01443162,0.0,-0.010336524,0.0
0.0027156568,0.32229817,0.023238556,0.0,0.021828763,0.0,0.014283714,0.0,-0.010173425,0.0
0.0026364478,0.3161908,0.022916248,0.0,0.021555874,0.0,0.014131879,0.0,-0.010007078,0.0
0.0025605147,0.31008354,0.022586308,0.0,0.021274962,0.0,0.013975447,0.0,-0.009837476,0.0
0.002488168,0.30397624,0.022249447,0.0,0.020986935,0.0,0.013813876,0.0,-0.009664916,0.0
0.002419345,0.29786897,0.02190651,0.0,0.020692658,0.0,0.013646824,0.0,-0.009489909,0.0
0.002353691,0.29176167,0.021558411,0.0,0.020392917,0.0,0.013474189,0.0,-0.009313085,0.0
0.0022906559,0.28565434,0.021206062,0.0,0.020088417,0.0,0.013296104,0.0,-0.009135107,0.0
0.0022295853,0.27954704,0.02085031,0.0,0.01977977,0.0,0.013112907,0.0,-0.0089566,0.0
0.0021698077,0.27343976,0.020491902,0.0,0.019467484,0.0,0.012925102,0.0,-0.008778098,0.0
0.002110704,0.26733246,0.020131448,0.0,0.019151991,0.0,0.012733294,0.0,-0.008600008,0.0
0.0020517542,0.26122513,0.01976942,0.0,0.018833632,0.0,0.012538131,0.0,-0.008422602,0.0
0.0019925693,0.25511786,0.019406155,0.0,0.018512689,0.0,0.01234026,0.0,-0.008246015,0.0
0.0019328969,0.24901056,0.019041862,0.0,0.018189387,0.0,0.012140272,0.0,-0.008070264,0.0
0.0018726179,0.24290328,0.01867666,0.0,0.017863916,0.0,0.011938679,0.0,-0.007895273,0.0
0.001811725,0.23679593,0.018310584,0.0,0.017536437,0.0,0.011735896,0.0,-0.007720901,0.0
0.0017502996,0.23068865,0.017943632,0.0,0.017207094,0.0,0.011532232,0.0,-0.0075469697,0.0
0.0016884818,0.22458136,0.01757577,0.0,0.016876023,0.0,0.011327896,0.0,-0.0073732925,0.0
0.0016264396,0.21847408,0.017206969,0.0,0.016543359,0.0,0.011123009,0.0,-0.0071996944,0.0
0.0015643454,0.21236674,0.016837204,0.0,0.01620923,0.0,0.010917624,0.0,-0.007026029,0.0
0.0015023561,0.20625946,0.016466476,0.0,0.015873767,0.0,0.010711744,0.0,-0.0068521863,0.0
0.0014405977,0.20015217,0.01609481,0.0,0.015537102,0.0,0.010505342,0.0,-0.0066780983,0.0
0.001379158,0.19404489,0.01572225,0.0,0.015199359,0.0,0.010298377,0.0,-0.006503735,0.0
0.0013180842,0.18793754,0.015348875,0.0,0.014860658,0.0,0.01009081,0.0,-0.006329103,0.0
0.0012573871,0.18183026,0.014974765,0.0,0.014521115,0.0,0.009882617,0.0,-0.0061542313,0.0
0.001197045,0.17572297,0.014600017,0.0,0.0141808335,0.0,0.009673787,0.0,-0.00597917,0.0
0.001137013,0.16961569,0.01422473,0.0,0.013839907,0.0,0.009464335,0.0,-0.005803977,0.0
0.0010772306,0.16350834,0.013848997,0.0,0.013498418,0.0,0.00925429,0.0,-0.0056287106,0.0
0.0010176322,0.15740106,0.0134729035,0.0,0.013156437,0.0,0.009043703,0.0,-0.0054534255,0.0
9.58153E-4,0.15129377,0.013096523,0.0,0.012814024,0.0,0.008832633,0.0,-0.0052781645,0.0
8.987359E-4,0.14518648,0.012719914,0.0,0.012471231,0.0,0.008621147,0.0,-0.005102961,0.0
8.3933334E-4,0.13907914,0.0123431245,0.0,0.012128095,0.0,0.008409314,0.0,-0.0049278336,0.0
7.79912E-4,0.13297185,0.011966186,0.0,0.011784655,0.0,0.0081972,0.0,-0.004752791,0.0
7.204512E-4,0.12686457,0.011589118,0.0,0.011440937,0.0,0.007984862,0.0,-0.00457783,0.0
6.609418E-4,0.12075729,0.011211935,0.0,0.011096966,0.0,0.00777235,0.0,-0.0044029406,0.0
6.013846E-4,0.114649944,0.010834643,0.0,0.010752764,0.0,0.007559705,0.0,-0.0042281076,0.0
5.4178876E-4,0.10854266,0.010457242,0.0,0.010408347,0.0,0.007346956,0.0,-0.004053313,0.0
4.8216784E-4,0.10243537,0.010079732,0.0,0.010063735,0.0,0.0071341237,0.0,-0.0038785385,0.0
4.2253715E-4,0.09632809,0.009702114,0.0,0.009718944,0.0,0.006921219,0.0,-0.003703769,0.0
3.6291135E-4,0.09022075,0.009324389,0.0,0.009373992,0.0,0.006708248,0.0,-0.0035289912,0.0
3.03304E-4,0.084113464,0.0089465575,0.0,0.009028894,0.0,0.006495212,0.0,-0.003354196,0.0
2.4372495E-4,0.07800618,0.008568626,0.0,0.008683663,0.0,0.0062821107,0.0,-0.0031793779,0.0
1.8418102E-4,0.07189889,0.008190601,0.0,0.0083383145,0.0,0.0060689407,0.0,-0.0030045349,0.0
1.2467458E-4,0.06579155,0.007812492,0.0,0.007992864,0.0,0.0058557014,0.0,-0.002829669,0.0
6.5205255E-5,0.059684265,0.007434308,0.0,0.007647321,0.0,0.005642392,0.0,-0.002654783,0.0
5.770071E-6,0.05357698,0.0070560593,0.0,0.0073016984,0.0,0.0054290146,0.0,-0.002479882,0.0
-5.3635824E-5,0.047469694,0.0066777556,0.0,0.0069560064,0.0,0.005215571,0.0,-0.0023049712,0.0
-1.13019254E-4,0.041362353,0.0062994063,0.0,0.006610253,0.0,0.0050020656,0.0,-0.002130056,0.0
-1.7238593E-4,0.035255067,0.00592102,0.0,0.0062644463,0.0,0.004788505,0.0,-0.001955141,0.0
-2.3174215E-4,0.029147781,0.0055426047,0.0,0.0059185927,0.0,0.0045748954,0.0,-0.0017802304,0.0
-2.9109296E-4,0.023040496,0.005164165,0.0,0.005572697,0.0,0.004361245,0.0,-0.0016053258,0.0
-3.5044286E-4,0.016933154,0.0047857063,0.0,0.005226765,0.0,0.004147559,0.0,-0.0014304296,0.0
-4.0979445E-4,0.010825869,0.0044072303,0.0,0.004880799,0.0,0.0039338446,0.0,-0.0012555415,0.0
-4.691493E-4,0.004718583,0.00402874,0.0,0.004534803,0.0,0.0037201082,0.0,-0.001080661,0.0
-5.0536287E-4,0.0013887024,0.0036540944,0.0,0.0041924105,0.0,0.0035030863,0.0,-9.075031E-4,0.0
-4.4544096E-4,0.0074960445,0.0032999858,0.0,0.0038686926,0.0,0.0032704156,0.0,-7.4435334E-4,0.0
-3.143791E-4,0.013603273,0.002981615,0.0,0.0035748226,0.0,0.003018176,0.0,-6.020448E-4,0.0
-1.3731405E-4,0.019710615,0.0027115045,0.0,0.003318354,0.0,0.0027492193,0.0,-4.910688E-4,0.0
6.2625884E-5,0.025817957,0.0024986889,0.0,0.0031036362,0.0,0.0024712128,0.0,-4.1968422E-4,0.0
2.6591896E-4,0.031925187,0.0023483557,0.0,0.0029323327,0.0,0.0021946258,0.0,-3.928913E-4,0.0
4.576191E-4,0.038032528,0.0022619148,0.0,0.0028039927,0.0,0.0019308665,0.0,-4.1211894E-4,0.0
6.2770286E-4,0.044139758,0.0022374168,0.0,0.0027166319,0.0,0.0016907237,0.0,-4.7545577E-4,0.0
7.7088946E-4,0.0502471,0.0022702229,0.0,0.0026672774,0.0,0.0014832028,0.0,-5.782563E-4,0.0
8.860424E-4,0.05635444,0.0023538098,0.0,0.0026524481,0.0,0.0013147955,0.0,-7.139591E-4,0.0
9.7530335E-4,0.06246167,0.0024806026,0.0,0.0026685463,0.0,0.0011891666,0.0,-8.74972E-4,0.0
0.0010431,0.06856901,0.0026427505,0.0,0.0027121487,0.0,0.0011072002,0.0,-0.0010535107,0.0
0.0010951438,0.07467636,0.0028327745,0.0,0.0027802023,0.0,0.0010673278,0.0,-0.001242306,0.0
0.0011375265,0.08078358,0.0030440565,0.0,0.0028701234,0.0,0.0010660451,0.0,-0.0014351299,0.0
0.0011759845,0.08689093,0.0032711434,0.0,0.0029798243,0.0,0.0010985236,0.0,-0.0016271211,0.0
0.0012153611,0.092998154,0.003509886,0.0,0.0031076802,0.0,0.0011592371,0.0,-0.0018149159,0.0
0.0012592872,0.09910549,0.0037574237,0.0,0.0032524546,0.0,0.0012425324,0.0,-0.0019966105,0.0
0.0013100568,0.10521284,0.0040120548,0.0,0.0034132043,0.0,0.0013431024,0.0,-0.002171591,0.0
0.0013686701,0.11132006,0.0042730263,0.0,0.0035891803,0.0,0.0014563303,0.0,-0.0023402772,0.0
0.0014350098,0.11742741,0.004540286,0.0,0.0037797333,0.0,0.0015784976,0.0,-0.0025038212,0.0
0.0015080879,0.123534754,0.004814222,0.0,0.0039842385,0.0,0.0017068649,0.0,-0.002663803,0.0
0.0015863361,0.12964198,0.005095426,0.0,0.004202037,0.0,0.0018396436,0.0,-0.0028219514,0.0
0.001667896,0.13574933,0.005384495,0.0,0.0044324063,0.0,0.0019758826,0.0,-0.0029799133,0.0
0.0017508732,0.14185655,0.0056818826,0.0,0.0046745427,0.0,0.0021153027,0.0,-0.0031390854,0.0
0.0018335467,0.1479639,0.005987805,0.0,0.0049275723,0.0,0.002258103,0.0,-0.003300509,0.0
0.0019145116,0.15407124,0.0063022007,0.0,0.0051905666,0.0,0.0024047669,0.0,-0.0034648282,0.0
0.0019927593,0.16017847,0.0066247312,0.0,0.0054625683,0.0,0.0025558877,0.0,-0.0036322994,0.0
0.0020677054,0.1662858,0.0069548176,0.0,0.0057426253,0.0,0.0027120241,0.0,-0.003802838,0.0
0.0021391609,0.17239314,0.0072916998,0.0,0.0060298187,0.0,0.0028735981,0.0,-0.0039760945,0.0
0.0022072713,0.17850037,0.007634505,0.0,0.006323286,0.0,0.0030408306,0.0,-0.004151542,0.0
0.0022724378,0.18460771,0.00798232,0.0,0.006622244,0.0,0.0032137183,0.0,-0.0043285624,0.0
0.0023352231,0.19071494,0.008334254,0.0,0.0069259997,0.0,0.0033920426,0.0,-0.004506526,0.0
0.0023962657,0.19682229,0.008689492,0.0,0.007233954,0.0,0.0035754011,0.0,-0.0046848557,0.0
0.0024562012,0.20292963,0.00904733,0.0,0.0075456016,0.0,0.0037632557,0.0,-0.004863073,0.0
0.002515599,0.20903686,0.009407196,0.0,0.007860525,0.0,0.003954988,0.0,-0.0050408207,0.0
0.002574927,0.2151442,0.009768655,0.0,0.008178379,0.0,0.004149952,0.0,-0.0052178768,0.0
0.0026345241,0.22125155,0.010131401,0.0,0.008498887,0.0,0.0043475237,0.0,-0.005394143,0.0
0.002694597,0.22735877,0.010495241,0.0,0.008821815,0.0,0.004547138,0.0,-0.005569628,0.0
0.0027552324,0.23346612,0.0108600715,0.0,0.009146971,0.0,0.0047483146,0.0,-0.005744424,0.0
0.002816413,0.23957334,0.011225853,0.0,0.0094741825,0.0,0.004950671,0.0,-0.0059186765,0.0
0.0028780482,0.24568069,0.0115925865,0.0,0.009803296,0.0,0.0051539247,0.0,-0.006092557,0.0
0.0029399975,0.25178802,0.011960293,0.0,0.010134167,0.0,0.0053578885,0.0,-0.0062662438,0.0
0.0030020983,0.25789526,0.012328989,0.0,0.010466656,0.0,0.005562454,0.0,-0.0064398954,0.0
0.003064192,0.2640026,0.012698683,0.0,0.0108006215,0.0,0.0057675755,0.0,-0.0066136424,0.0
0.0031261377,0.27010995,0.0130693605,0.0,0.01113593,0.0,0.00597325,0.0,-0.006787579,0.0
0.0031878254,0.27621716,0.013440984,0.0,0.011472447,0.0,0.006179502,0.0,-0.0069617596,0.0
0.0032491838,0.28232452,0.013813496,0.0,0.011810042,0.0,0.006386361,0.0,-0.0071362033,0.0
0.0033101777,0.28843173,0.014186815,0.0,0.012148595,0.0,0.006593855,0.0,-0.007310897,0.0
0.003370808,0.2945391,0.014560855,0.0,0.012487992,0.0,0.006802,0.0,-0.007485807,0.0
0.0034311027,0.30064642,0.014935517,0.0,0.012828127,0.0,0.0070107924,0.0,-0.0076608825,0.0
0.0034911097,0.30675367,0.015310704,0.0,0.01316891,0.0,0.0072202114,0.0,-0.007836069,0.0
0.003550889,0.312861,0.015686324,0.0,0.013510256,0.0,0.007430217,0.0,-0.008011309,0.0
0.0036105048,0.31896833,0.016062297,0.0,0.0138521,0.0,0.007640757,0.0,-0.008186556,0.0
0.0036700163,0.32507557,0.016438553,0.0,0.014194379,0.0,0.007851767,0.0,-0.00836177,0.0
0.0037294785,0.3311829,0.016815035,0.0,0.014537045,0.0,0.00806318,0.0,-0.008536922,0.0
0.003788931,0.33729014,0.017191702,0.0,0.014880057,0.0,0.0082749305,0.0,-0.008711998,0.0
0.0038484049,0.34339747,0.017568521,0.0,0.015223379,0.0,0.008486953,0.0,-0.008886995,0.0
0.003907917,0.34950483,0.017945476,0.0,0.015566985,0.0,0.008699192,0.0,-0.009061915,0.0
0.0039674724,0.35561204,0.018322552,0.0,0.015910847,0.0,0.008911601,0.0,-0.009236769,0.0
0.0040270695,0.3617194,0.018699745,0.0,0.016254945,0.0,0.009124142,0.0,-0.009411574,0.0
0.004086697,0.3678266,0.019077051,0.0,0.016599258,0.0,0.009336789,0.0,-0.009586348,0.0
0.0041463436,0.37393397,0.019454474,0.0,0.016943771,0.0,0.009549524,0.0,-0.009761106,0.0
0.004205994,0.3800413,0.019832008,0.0,0.017288463,0.0,0.009762336,0.0,-0.009935863,0.0
0.0042656325,0.38614854,0.02020965,0.0,0.017633319,0.0,0.009975218,0.0,-0.01011063,0.0
0.0043252506,0.39225587,0.020587401,0.0,0.01797832,0.0,0.01018817,0.0,-0.010285416,0.0
0.004384838,0.3983632,0.020965252,0.0,0.018323453,0.0,0.010401193,0.0,-0.010460223,0.0
0.004444389,0.40447044,0.021343196,0.0,0.018668702,0.0,0.010614288,0.0,-0.010635054,0.0
0.0045039044,0.41057777,0.02172122,0.0,0.019014057,0.0,0.010827455,0.0,-0.010809907,0.0
0.0045633824,0.41668501,0.02209932,0.0,0.0193595,0.0,0.011040691,0.0,-0.0109847775,0.0
0.0046228287,0.42279235,0.022477482,0.0,0.019705022,0.0,0.011253999,0.0,-0.01115966,0.0
0.0046822494,0.4288997,0.022855697,0.0,0.020050615,0.0,0.011467371,0.0,-0.011334551,0.0
0.0047416477,0.43500692,0.023233956,0.0,0.020396268,0.0,0.011680804,0.0,-0.011509443,0.0
0.0048010326,0.44111428,0.02361225,0.0,0.020741975,0.0,0.011894291,0.0,-0.011684335,0.0
0.004860408,0.4472216,0.023990573,0.0,0.021087727,0.0,0.012107826,0.0,-0.011859222,0.0
0.0049197795,0.45332885,0.02436892,0.0,0.021433521,0.0,0.0123213995,0.0,-0.012034102,0.0
0.004979151,0.45943618,0.024747286,0.0,0.021779355,0.0,0.012535008,0.0,-0.012208975,0.0
0.0050385226,0.46554342,0.025125667,0.0,0.022125218,0.0,0.012748642,0.0,-0.012383838,0.0
0.0050978987,0.47165075,0.025504066,0.0,0.022471113,0.0,0.0129622985,0.0,-0.012558695,0.0
0.005122561,0.47359186,0.025876693,0.0,0.022811592,0.0,0.013180873,0.0,-0.012730972,0.0
0.005053915,0.46748465,0.026227007,0.0,0.023132043,0.0,0.013415729,0.0,-0.01289202,0.0
0.0049170246,0.4613773,0.0265401,0.0,0.023421725,0.0,0.013669968,0.0,-0.013030997,0.0
0.0047368384,0.45526996,0.026803846,0.0,0.023673464,0.0,0.013940144,0.0,-0.01313764,0.0
0.0045360993,0.44916272,0.02700965,0.0,0.023883233,0.0,0.014218233,0.0,-0.013204054,0.0
0.0043338165,0.4430554,0.027152766,0.0,0.02404963,0.0,0.014493622,0.0,-0.013225647,0.0
0.0041443747,0.43694815,0.02723218,0.0,0.02417329,0.0,0.014754949,0.0,-0.013201381,0.0
0.0039772457,0.43084082,0.027250161,0.0,0.024256319,0.0,0.014991612,0.0,-0.013133496,0.0
0.003837222,0.4247335,0.027211575,0.0,0.024301758,0.0,0.015194881,0.0,-0.013026869,0.0
0.003725048,0.41862625,0.027123071,0.0,0.024313102,0.0,0.015358582,0.0,-0.012888193,0.0
0.0036383003,0.41251892,0.026992265,0.0,0.024293931,0.0,0.015479369,0.0,-0.012725093,0.0
0.0035723874,0.40641156,0.02682697,0.0,0.024247626,0.0,0.015556642,0.0,-0.012545306,0.0
0.00352154,0.40030435,0.02663457,0.0,0.024177182,0.0,0.015592195,0.0,-0.012355987,0.0
0.003479693,0.394197,0.02642155,0.0,0.024085127,0.0,0.015589691,0.0,-0.012163212,0.0
0.0034412055,0.38808978,0.02619321,0.0,0.023973485,0.0,0.0155540425,0.0,-0.011971672,0.0
0.0034013647,0.38198242,0.025953554,0.0,0.023843838,0.0,0.015490797,0.0,-0.011784563,0.0
0.0033566914,0.3758751,0.025705304,0.0,0.023697384,0.0,0.015405574,0.0,-0.01160364,0.0
0.0033050396,0.36976784,0.025450055,0.0,0.023535037,0.0,0.015303604,0.0,-0.011429397,0.0
0.0032455379,0.3636605,0.02518847,0.0,0.023357539,0.0,0.0151894055,0.0,-0.011261325,0.0
0.0031784063,0.35755318,0.024920553,0.0,0.023165526,0.0,0.015066585,0.0,-0.011098221,0.0
0.0031047044,0.35144594,0.024645891,0.0,0.022959627,0.0,0.014937774,0.0,-0.010938483,0.0
0.0030260363,0.3453386,0.024363887,0.0,0.022740511,0.0,0.014804667,0.0,-0.01078039,0.0
0.0029442695,0.33923137,0.024073957,0.0,0.022508906,0.0,0.014668135,0.0,-0.01062232,0.0
0.0028612814,0.33312404,0.023775674,0.0,0.022265622,0.0,0.014528402,0.0,-0.010462916,0.0
0.0027787609,0.32701668,0.023468854,0.0,0.022011543,0.0,0.014385234,0.0,-0.010301182,0.0
0.0026980706,0.32090947,0.023153586,0.0,0.021747598,0.0,0.014238132,0.0,-0.010136514,0.0
0.0026201697,0.3148021,0.02283024,0.0,0.021474743,0.0,0.0140865045,0.0,-0.009968698,0.0
0.0025455994,0.30869478,0.022499414,0.0,0.021193929,0.0,0.013929807,0.0,-0.009797848,0.0
0.0024745115,0.30258754,0.022161882,0.0,0.020906068,0.0,0.01376764,0.0,-0.009624334,0.0
0.0024067292,0.2964802,0.02181852,0.0,0.020612014,0.0,0.0135998055,0.0,-0.009448695,0.0
0.002341833,0.29037297,0.021470241,0.0,0.020312542,0.0,0.013426332,0.0,-0.009271551,0.0
0.002279249,0.28426564,0.021117931,0.0,0.020008331,0.0,0.013247458,0.0,-0.009093527,0.0
0.0022183391,0.27815828,0.020762391,0.0,0.019699972,0.0,0.013063603,0.0,-0.008915191,0.0
0.0021584758,0.27205107,0.020404309,0.0,0.019387964,0.0,0.012875314,0.0,-0.008737008,0.0
0.0020990963,0.2659437,0.020044245,0.0,0.01907271,0.0,0.012683213,0.0,-0.00855932,0.0
0.0020397499,0.2598365,0.01968262,0.0,0.018754551,0.0,0.012487943,0.0,-0.008382335,0.0
0.00198011,0.25372913,0.019319724,0.0,0.018433763,0.0,0.012290125,0.0,-0.00820614,0.0
0.0019199825,0.2476218,0.018955747,0.0,0.018110568,0.0,0.012090314,0.0,-0.008030718,0.0
0.0018592943,0.24151458,0.018590778,0.0,0.01778516,0.0,0.011888981,0.0,-0.007855969,0.0
0.0017980693,0.23540723,0.018224856,0.0,0.01745771,0.0,0.011686497,0.0,-0.007681746,0.0
0.0017364047,0.22929989,0.017857976,0.0,0.017128369,0.0,0.011483135,0.0,-0.0075078737,0.0
0.001674445,0.22319266,0.017490119,0.0,0.01679728,0.0,0.011279072,0.0,-0.0073341783,0.0
0.0016123506,0.21708532,0.017121268,0.0,0.016464585,0.0,0.011074412,0.0,-0.007160502,0.0
0.0015502814,0.21097809,0.016751418,0.0,0.016130427,0.0,0.010869192,0.0,-0.0069867196,0.0
0.0014883726,0.20487075,0.016380584,0.0,0.015794937,0.0,0.010663414,0.0,-0.0068127406,0.0
0.0014267296,0.19876342,0.01600881,0.0,0.015458249,0.0,0.010457056,0.0,-0.0066385143,0.0
0.0013654218,0.19265617,0.015636154,0.0,0.015120492,0.0,0.010250083,0.0,-0.0064640264,0.0
0.0013044784,0.18654884,0.015262695,0.0,0.014781788,0.0,0.010042471,0.0,-0.006289291,0.0
0.0012438961,0.1804415,0.014888527,0.0,0.014442249,0.0,0.0098342085,0.0,-0.006114345,0.0
0.0011836461,0.17433427,0.014513744,0.0,0.014101978,0.0,0.009625297,0.0,-0.0059392387,0.0
0.0011236774,0.16822693,0.014138444,0.0,0.013761068,0.0,0.009415762,0.0,-0.005764028,0.0
0.0010639306,0.1621197,0.013762719,0.0,0.013419598,0.0,0.009205644,0.0,-0.005588767,0.0
0.001004341,0.15601236,0.013386646,0.0,0.013077637,0.0,0.008994997,0.0,-0.005413505,0.0
9.448486E-4,0.14990501,0.013010297,0.0,0.012735245,0.0,0.008783883,0.0,-0.0052382792,0.0
8.8540243E-4,0.14379779,0.012633724,0.0,0.012392468,0.0,0.0085723745,0.0,-0.0050631156,0.0
8.2596124E-4,0.13769044,0.01225697,0.0,0.012049346,0.0,0.008360535,0.0,-0.004888029,0.0
7.664971E-4,0.1315831,0.0118800625,0.0,0.011705915,0.0,0.008148427,0.0,-0.0047130226,0.0
7.0699526E-4,0.12547587,0.011503021,0.0,0.011362203,0.0,0.007936108,0.0,-0.004538091,0.0
6.4744987E-4,0.11936853,0.011125857,0.0,0.011018234,0.0,0.0077236216,0.0,-0.004363222,0.0
5.8786565E-4,0.113261305,0.010748576,0.0,0.010674031,0.0,0.007511005,0.0,-0.0041883998,0.0
5.282514E-4,0.10715396,0.010371179,0.0,0.0103296125,0.0,0.0072982833,0.0,-0.0040136087,0.0
4.6862042E-4,0.101046614,0.009993668,0.0,0.009984998,0.0,0.0070854737,0.0,-0.0038388306,0.0
4.089879E-4,0.09493939,0.009616043,0.0,0.009640204,0.0,0.0068725883,0.0,-0.0036640526,0.0
3.493668E-4,0.08883204,0.009238308,0.0,0.009295248,0.0,0.00665963,0.0,-0.003489263,0.0
2.8976824E-4,0.082724705,0.008860467,0.0,0.008950145,0.0,0.0064466014,0.0,-0.003314455,0.0
2.3020135E-4,0.07661747,0.008482526,0.0,0.008604913,0.0,0.0062335017,0.0,-0.0031396246,0.0
1.7066965E-4,0.070510134,0.008104492,0.0,0.008259564,0.0,0.00602033,0.0,-0.002964771,0.0
1.11175716E-4,0.06440291,0.007726377,0.0,0.007914113,0.0,0.0058070854,0.0,-0.0027898962,0.0
5.171678E-5,0.058295563,0.007348188,0.0,0.0075685703,0.0,0.0055937693,0.0,-0.0026150045,0.0
-7.710962E-6,0.05218822,0.006969937,0.0,0.0072229486,0.0,0.005380384,0.0,-0.0024401003,0.0
-6.7111614E-5,0.04608099,0.006591633,0.0,0.006877258,0.0,0.0051669325,0.0,-0.0022651888,0.0
-1.2649239E-4,0.03997365,0.006213285,0.0,0.006531507,0.0,0.004953421,0.0,-0.0020902748,0.0
-1.8585933E-4,0.03386631,0.005834902,0.0,0.006185702,0.0,0.004739856,0.0,-0.0019153627,0.0
-2.4521697E-4,0.027759079,0.00545649,0.0,0.00583985,0.0,0.0045262435,0.0,-0.0017404554,0.0
-3.0457103E-4,0.021651737,0.0050780536,0.0,0.005493956,0.0,0.004312591,0.0,-0.0015655549,0.0
-3.6392393E-4,0.015544508,0.004699598,0.0,0.005148025,0.0,0.0040989053,0.0,-0.0013906623,0.0
-4.2327924E-4,0.009437166,0.0043211253,0.0,0.0048020612,0.0,0.003885192,0.0,-0.0012157776,0.0
-4.8263834E-4,0.0033298237,0.003942638,0.0,0.0044560665,0.0,0.0036714575,0.0,-0.0010408999,0.0
-4.957102E-4,0.0027774049,0.003571852,0.0,0.004117305,0.0,0.0034511709,0.0,-8.694598E-4,0.0
-4.1829515E-4,0.008884747,0.0032251861,0.0,0.0037999495,0.0,0.0032139702,0.0,-7.1048376E-4,0.0
-2.7553816E-4,0.014992089,0.00291728,0.0,0.003514331,0.0,0.002957576,0.0,-5.748355E-4,0.0
-9.221009E-5,0.021099431,0.0026598866,0.0,0.003267248,0.0,0.0026860398,0.0,-4.725608E-4,0.0
1.09321685E-4,0.027206546,0.0024611668,0.0,0.0030624096,0.0,0.0024077662,0.0,-4.1120045E-4,0.0
3.1055382E-4,0.03331389,0.0023254305,0.0,0.0029009683,0.0,0.0021335224,0.0,-3.9493584E-4,0.0
4.976629E-4,0.03942123,0.0022532914,0.0,0.002782096,0.0,0.0018746416,0.0,-4.2440783E-4,0.0
6.617317E-4,0.045528572,0.0022421477,0.0,0.0027035577,0.0,0.0016415495,0.0,-4.9704226E-4,0.0
7.984636E-4,0.051635914,0.0022868884,0.0,0.0026622438,0.0,0.001442701,0.0,-6.0771214E-4,0.0
9.0751686E-4,0.05774303,0.0023807099,0.0,0.0026546302,0.0,0.0012839464,0.0,-7.495767E-4,0.0
9.916082E-4,0.06385037,0.0025159388,0.0,0.0026771477,0.0,0.0011683035,0.0,-9.1496157E-4,0.0
0.0010555052,0.06995771,0.0026847818,0.0,0.0027264513,0.0,0.0010960735,0.0,-0.0010961699,0.0
0.0011050462,0.076065056,0.0028799379,0.0,0.0027995922,0.0,0.0010652167,0.0,-0.0012861502,0.0
0.001146273,0.0821724,0.0030950448,0.0,0.0028941012,0.0,0.0010718943,0.0,-0.0014789762,0.0
0.0011847352,0.088279516,0.0033249448,0.0,0.0030079994,0.0,0.0011110893,0.0,-0.0016701276,0.0
0.0012250119,0.09438685,0.003565788,0.0,0.0031397548,0.0,0.00117722,0.0,-0.0018565803,0.0
0.0012704282,0.1004942,0.0038149874,0.0,0.0032882027,0.0,0.0012646932,0.0,-0.002036736,0.0
0.0013229763,0.10660154,0.0040710694,0.0,0.0034524496,0.0,0.001368346,0.0,-0.0022102317,0.0
0.0013833907,0.11270888,0.0043334546,0.0,0.0036317732,0.0,0.0014837603,0.0,-0.0023776693,0.0
0.0014513402,0.11881623,0.004602203,0.0,0.0038255332,0.0,0.0016074405,0.0,-0.0025403139,0.0
0.0015256876,0.12492334,0.0048777605,0.0,0.004033098,0.0,0.0017368692,0.0,-0.0026997912,0.0
0.0016047879,0.13103068,0.0051607275,0.0,0.0042537963,0.0,0.001870456,0.0,-0.0028578213,0.0
0.0016867626,0.13713802,0.0054516736,0.0,0.004486886,0.0,0.0020074125,0.0,-0.003016,0.0
0.0017697487,0.14324537,0.005751002,0.0,0.004731548,0.0,0.0021475784,0.0,-0.0031756456,0.0
0.0018520915,0.14935271,0.006058866,0.0,0.0049868934,0.0,0.0022912265,0.0,-0.0033377106,0.0
0.0019324721,0.15545982,0.0063751396,0.0,0.0052519855,0.0,0.002438874,0.0,-0.0035027475,0.0
0.0020099827,0.16156717,0.006699426,0.0,0.005525868,0.0,0.0025911115,0.0,-0.0036709318,0.0
0.0020841307,0.16767451,0.007031102,0.0,0.005807594,0.0,0.0027484708,0.0,-0.0038421142,0.0
0.0021548069,0.17378186,0.007369379,0.0,0.0060962555,0.0,0.0029113293,0.0,-0.0040159007,0.0
0.0022222204,0.17988919,0.00771337,0.0,0.0063910084,0.0,0.0030798565,0.0,-0.0041917386,0.0
0.0022868118,0.18599631,0.008062164,0.0,0.00669109,0.0,0.0032539996,0.0,-0.004369004,0.0
0.0023491671,0.19210365,0.008414889,0.0,0.006995827,0.0,0.0034334955,0.0,-0.0045470777,0.0
0.0024099273,0.19821098,0.008770749,0.0,0.0073046437,0.0,0.003617908,0.0,-0.0047254013,0.0
0.002469715,0.20431833,0.009129073,0.0,0.0076170554,0.0,0.003806678,0.0,-0.004903525,0.0
0.0025290786,0.21042567,0.009489318,0.0,0.00793266,0.0,0.0039991783,0.0,-0.0050811223,0.0
0.002588456,0.21653302,0.009851081,0.0,0.0082511315,0.0,0.0041947654,0.0,-0.0052579995,0.0
0.002648154,0.22264013,0.010214083,0.0,0.0085722,0.0,0.004392828,0.0,-0.005434084,0.0
0.0027083545,0.22874747,0.01057815,0.0,0.008895644,0.0,0.004592819,0.0,-0.0056094057,0.0
0.002769118,0.23485482,0.010943197,0.0,0.009221274,0.0,0.004794279,0.0,-0.0057840687,0.0
0.0028304097,0.24096216,0.011309193,0.0,0.009548927,0.0,0.00499685,0.0,-0.0059582274,0.0
0.002892125,0.24706951,0.011676148,0.0,0.009878448,0.0,0.0052002715,0.0,-0.0061320555,0.0
0.002954116,0.25317663,0.012044079,0.0,0.0102096945,0.0,0.0054043755,0.0,-0.006305727,0.0
0.0030162225,0.25928396,0.012413002,0.0,0.010542526,0.0,0.005609068,0.0,-0.0064793946,0.0
0.0030782882,0.2653913,0.012782921,0.0,0.010876803,0.0,0.0058143144,0.0,-0.0066531817,0.0
0.0031401801,0.27149865,0.013153817,0.0,0.011212393,0.0,0.006020119,0.0,-0.0068271724,0.0
0.003201796,0.27760598,0.013525646,0.0,0.011549162,0.0,0.0062265065,0.0,-0.007001413,0.0
0.0032630707,0.2837131,0.013898347,0.0,0.011886981,0.0,0.0064335098,0.0,-0.007175915,0.0
0.0033239806,0.28982043,0.014271835,0.0,0.012225731,0.0,0.0066411523,0.0,-0.007350661,0.0
0.0033845324,0.2959278,0.014646021,0.0,0.012565301,0.0,0.0068494454,0.0,-0.0075256107,0.0
0.003444759,0.30203512,0.015020806,0.0,0.012905587,0.0,0.007058382,0.0,-0.007700714,0.0
0.003504712,0.30814248,0.015396097,0.0,0.013246501,0.0,0.007267937,0.0,-0.007875915,0.0
0.003564452,0.3142498,0.0157718,0.0,0.013587964,0.0,0.007478067,0.0,-0.008051159,0.0
0.0036240409,0.32035694,0.01614784,0.0,0.013929908,0.0,0.007688717,0.0,-0.0082264,0.0
0.0036835386,0.32646427,0.01652415,0.0,0.014272277,0.0,0.007899823,0.0,-0.008401601,0.0
0.003742997,0.3325716,0.016900675,0.0,0.014615024,0.0,0.008111315,0.0,-0.008576736,0.0
0.003802454,0.33867896,0.017277379,0.0,0.014958108,0.0,0.00832313,0.0,-0.008751794,0.0
0.0038619374,0.3447863,0.017654229,0.0,0.015301497,0.0,0.008535203,0.0,-0.008926772,0.0
0.003921458,0.3508934,0.018031212,0.0,0.015645163,0.0,0.008747483,0.0,-0.009101677,0.0
0.0039810226,0.35700074,0.018408313,0.0,0.015989078,0.0,0.008959924,0.0,-0.0092765195,0.0
0.0040406273,0.3631081,0.018785533,0.0,0.016333228,0.0,0.00917249,0.0,-0.009451318,0.0
0.0041002603,0.36921543,0.019162867,0.0,0.016677588,0.0,0.009385157,0.0,-0.009626087,0.0
0.004159908,0.3753228,0.019540315,0.0,0.01702214,0.0,0.0095979115,0.0,-0.009800844,0.0
0.0042195553,0.38142988,0.019917874,0.0,0.01736687,0.0,0.009810739,0.0,-0.009975603,0.0
0.00427919,0.38753724,0.020295542,0.0,0.017711759,0.0,0.010023639,0.0,-0.010150374,0.0
0.004338802,0.39364457,0.020673312,0.0,0.018056791,0.0,0.010236606,0.0,-0.010325164,0.0
0.0043983813,0.39975193,0.021051185,0.0,0.018401952,0.0,0.010449645,0.0,-0.010499977,0.0
0.0044579254,0.40585926,0.021429148,0.0,0.018747225,0.0,0.010662755,0.0,-0.010674813,0.0
0.004517431,0.41196638,0.021807192,0.0,0.019092599,0.0,0.010875938,0.0,-0.010849669,0.0
0.004576902,0.4180737,0.022185303,0.0,0.01943806,0.0,0.011089192,0.0,-0.011024541,0.0
0.004636343,0.42418107,0.022563478,0.0,0.0197836,0.0,0.011302513,0.0,-0.011199427,0.0
0.004695758,0.4302884,0.022941701,0.0,0.020129206,0.0,0.011515899,0.0,-0.011374317,0.0
0.0047551543,0.43639573,0.023319969,0.0,0.020474872,0.0,0.011729344,0.0,-0.01154921,0.0
0.0048145372,0.4425031,0.023698268,0.0,0.020820588,0.0,0.011942841,0.0,-0.0117240995,0.0
0.004873911,0.44861022,0.024076598,0.0,0.021166353,0.0,0.012156384,0.0,-0.011898985,0.0
0.0049332813,0.45471755,0.024454951,0.0,0.021512154,0.0,0.012369966,0.0,-0.012073864,0.0
0.004992652,0.46082488,0.02483332,0.0,0.021857996,0.0,0.012583581,0.0,-0.012248734,0.0
0.0050520264,0.46693224,0.025211707,0.0,0.022203866,0.0,0.012797221,0.0,-0.012423596,0.0
0.0051114033,0.47303957,0.025590107,0.0,0.022549767,0.0,0.013010881,0.0,-0.012598451,0.0
0.0051129228,0.47220328,0.025958883,0.0,0.022886625,0.0,0.013232725,0.0,-0.012769015,0.0
0.0050267796,0.46609595,0.026301766,0.0,0.023200722,0.0,0.013472115,0.0,-0.012925892,0.0
0.004878191,0.4599886,0.026604407,0.0,0.023482164,0.0,0.013730515,0.0,-0.013058214,0.0
0.004691737,0.45388126,0.026855446,0.0,0.02372453,0.0,0.01400328,0.0,-0.013156163,0.0
0.004489398,0.44777393,0.02704717,0.0,0.023924433,0.0,0.014281646,0.0,-0.013212556,0.0
0.004289173,0.4416668,0.027175702,0.0,0.024080975,0.0,0.014554705,0.0,-0.013223626,0.0
0.004104319,0.43555945,0.027240824,0.0,0.024195176,0.0,0.014811167,0.0,-0.01318912,0.0
0.003943203,0.42945212,0.027245458,0.0,0.024269393,0.0,0.01504079,0.0,-0.013111937,0.0
0.0038096337,0.4233448,0.027194941,0.0,0.024306796,0.0,0.015235396,0.0,-0.012997439,0.0
0.0037035574,0.41723743,0.027096206,0.0,0.024310932,0.0,0.015389454,0.0,-0.012852599,0.0
0.00362198,0.4111301,0.026956966,0.0,0.024285346,0.0,0.015500262,0.0,-0.012685124,0.0
0.0035599708,0.40502298,0.026784975,0.0,0.024233343,0.0,0.015567803,0.0,-0.012502663,0.0
0.0035116298,0.39891565,0.02658744,0.0,0.024157817,0.0,0.015594343,0.0,-0.012312154,0.0
0.003470943,0.3928083,0.02637059,0.0,0.024061173,0.0,0.015583877,0.0,-0.012119372,0.0
0.0034324522,0.38670096,0.026139434,0.0,0.023945337,0.0,0.015541511,0.0,-0.011928667,0.0
0.0033917134,0.3805936,0.025897674,0.0,0.023811791,0.0,0.015472845,0.0,-0.011742898,0.0
0.0033455533,0.3744865,0.025647763,0.0,0.023661662,0.0,0.015383441,0.0,-0.011563514,0.0
0.0032921245,0.36837915,0.025391057,0.0,0.023495821,0.0,0.015278384,0.0,-0.011390754,0.0
0.0032308225,0.36227182,0.025128061,0.0,0.023314973,0.0,0.015161996,0.0,-0.011223931,0.0
0.0031620814,0.35616446,0.024858655,0.0,0.023119755,0.0,0.01503766,0.0,-0.011061727,0.0
0.0030871062,0.35005713,0.024582371,0.0,0.022910796,0.0,0.014907786,0.0,-0.010902494,0.0
0.003007585,0.34395,0.024298603,0.0,0.022688778,0.0,0.014773869,0.0,-0.010744521,0.0
0.0029254023,0.33784267,0.024006795,0.0,0.02245445,0.0,0.014636619,0.0,-0.010586236,0.0
0.0028424049,0.3317353,0.023706572,0.0,0.02220864,0.0,0.014496139,0.0,-0.010426359,0.0
0.002760215,0.32562798,0.023397809,0.0,0.021952244,0.0,0.014352122,0.0,-0.010263984,0.0
0.0026801052,0.31952065,0.023080664,0.0,0.021686198,0.0,0.0142040355,0.0,-0.010098599,0.0
0.0026029397,0.3134133,0.02275556,0.0,0.021411462,0.0,0.014051292,0.0,-0.00993007,0.0
0.0025291685,0.30730617,0.02242314,0.0,0.021128977,0.0,0.013893372,0.0,-0.009758574,0.0
0.0024588606,0.30119884,0.022084212,0.0,0.020839645,0.0,0.013729921,0.0,-0.009584529,0.0
0.0023917765,0.2950915,0.021739664,0.0,0.020544304,0.0,0.01356079,0.0,-0.009408499,0.0
0.0023274545,0.28898415,0.021390403,0.0,0.020243704,0.0,0.01338606,0.0,-0.009231108,0.0
0.002265301,0.28287682,0.0210373,0.0,0.01993851,0.0,0.0132060135,0.0,-0.009052974,0.0
0.0022046766,0.2767697,0.020681135,0.0,0.019629287,0.0,0.013021103,0.0,-0.008874644,0.0
0.0021449623,0.27066237,0.020322567,0.0,0.019316511,0.0,0.012831897,0.0,-0.008696553,0.0
0.0020856194,0.264555,0.01996212,0.0,0.019000575,0.0,0.012639024,0.0,-0.008519015,0.0
0.0020262236,0.25844768,0.019600188,0.0,0.0186818,0.0,0.01244313,0.0,-0.008342208,0.0
0.001966481,0.25234035,0.01923704,0.0,0.018360447,0.0,0.01224482,0.0,-0.008166196,0.0
0.0019062277,0.24623322,0.018872831,0.0,0.018036738,0.0,0.012044631,0.0,-0.007990937,0.0
0.0018454115,0.24012588,0.018507645,0.0,0.017710853,0.0,0.011843012,0.0,-0.007816321,0.0
0.001784076,0.23401853,0.018141506,0.0,0.01738296,0.0,0.011640311,0.0,-0.007642191,0.0
0.0017223315,0.22791119,0.017774407,0.0,0.017053211,0.0,0.011436781,0.0,-0.007468372,0.0
0.0016603279,0.22180384,0.017406324,0.0,0.016721748,0.0,0.011232578,0.0,-0.007294691,0.0
0.0015982287,0.21569674,0.017037245,0.0,0.01638871,0.0,0.011027789,0.0,-0.0071209995,0.0
0.0015361863,0.20958939,0.016667169,0.0,0.016054237,0.0,0.010822444,0.0,-0.0069471765,0.0
0.0014743316,0.20348205,0.016296117,0.0,0.015718466,0.0,0.010616537,0.0,-0.0067731435,0.0
0.0014127612,0.1973747,0.015924135,0.0,0.015381524,0.0,0.01041004,0.0,-0.006598857,0.0
0.0013515345,0.19126737,0.0155512905,0.0,0.015043543,0.0,0.010202924,0.0,-0.006424311,0.0
0.0012906741,0.18516003,0.0151776625,0.0,0.01470464,0.0,0.009995164,0.0,-0.006249524,0.0
0.0012301721,0.1790529,0.014803347,0.0,0.014364927,0.0,0.009786751,0.0,-0.006074538,0.0
0.0011699904,0.17294556,0.0144284405,0.0,0.014024505,0.0,0.009577696,0.0,-0.0058994032,0.0
0.0011100769,0.16683823,0.014053038,0.0,0.0136834625,0.0,0.009368025,0.0,-0.0057241777,0.0
0.0010503697,0.16073088,0.013677227,0.0,0.013341876,0.0,0.0091577815,0.0,-0.0055489135,0.0
9.908057E-4,0.15462354,0.0133010885,0.0,0.012999813,0.0,0.008947025,0.0,-0.0053736567,0.0
9.3132874E-4,0.14851643,0.012924684,0.0,0.0126573285,0.0,0.008735817,0.0,-0.0051984433,0.0
8.718872E-4,0.14240909,0.012548069,0.0,0.012314471,0.0,0.008524228,0.0,-0.005023297,0.0
8.1244274E-4,0.13630174,0.012171278,0.0,0.011971277,0.0,0.008312323,0.0,-0.004848229,0.0
7.5297104E-4,0.1301944,0.011794339,0.0,0.01162778,0.0,0.008100164,0.0,-0.0046732402,0.0
6.934588E-4,0.12408706,0.011417269,0.0,0.011284009,0.0,0.007887803,0.0,-0.004498324,0.0
6.33905E-4,0.117979944,0.011040078,0.0,0.010939985,0.0,0.0076752845,0.0,-0.0043234667,0.0
5.7431293E-4,0.1118726,0.01066277,0.0,0.010595731,0.0,0.0074626417,0.0,-0.0041486532,0.0
5.1469356E-4,0.10576525,0.010285348,0.0,0.010251267,0.0,0.007249899,0.0,-0.003973866,0.0
4.5506083E-4,0.099657916,0.00990781,0.0,0.0099066105,0.0,0.0070370724,0.0,-0.003799089,0.0
3.954289E-4,0.09355057,0.009530161,0.0,0.009561778,0.0,0.0068241702,0.0,-0.0036243093,0.0
3.3581155E-4,0.08744323,0.009152401,0.0,0.009216787,0.0,0.0066111963,0.0,-0.003449516,0.0
2.7622096E-4,0.08133612,0.008774537,0.0,0.008871654,0.0,0.006398152,0.0,-0.003274703,0.0
2.1666229E-4,0.07522877,0.008396574,0.0,0.008526394,0.0,0.006185036,0.0,-0.003099867,0.0
1.5713942E-4,0.06912143,0.008018521,0.0,0.008181021,0.0,0.0059718476,0.0,-0.0029250083,0.0
9.765298E-5,0.06301409,0.007640388,0.0,0.007835547,0.0,0.0057585863,0.0,-0.0027501297,0.0
3.820078E-5,0.056906745,0.007262184,0.0,0.0074899863,0.0,0.0055452543,0.0,-0.0025752347,0.0
-2.1219104E-5,0.05079963,0.0068839197,0.0,0.0071443487,0.0,0.005331853,0.0,-0.0024003284,0.0
-8.061473E-5,0.04469229,0.0065056058,0.0,0.0067986436,0.0,0.0051183878,0.0,-0.002225416,0.0
-1.3999185E-4,0.038584948,0.0061272494,0.0,0.00645288,0.0,0.004904864,0.0,-0.0020505025,0.0
-1.9935647E-4,0.032477606,0.005748859,0.0,0.006107064,0.0,0.004691287,0.0,-0.0018755911,0.0
-2.587139E-4,0.026370263,0.005370441,0.0,0.005761202,0.0,0.0044776653,0.0,-0.0017006852,0.0
-3.1806645E-4,0.020263148,0.0049920003,0.0,0.0054152994,0.0,0.004264005,0.0,-0.0015257865,0.0
-3.7741967E-4,0.014155805,0.0046135406,0.0,0.005069361,0.0,0.004050312,0.0,-0.0013508956,0.0
-4.367758E-4,0.008048464,0.0042350646,0.0,0.0047233896,0.0,0.0038365938,0.0,-0.0011760126,0.0
-4.961356E-4,0.0019411213,0.0038565737,0.0,0.0043773884,0.0,0.003622855,0.0,-0.0010011363,0.0
-4.8606226E-4,0.004166221,0.0034896422,0.0,0.004042252,0.0,0.0033992971,0.0,-8.314132E-4,0.0
-3.9115152E-4,0.010273563,0.0031504158,0.0,0.0037312543,0.0,0.0031575612,0.0,-6.766107E-4,0.0
-2.3670025E-4,0.016380679,0.0028529714,0.0,0.0034538822,0.0,0.0028970074,0.0,-5.476232E-4,0.0
-4.7110123E-5,0.02248802,0.0026082923,0.0,0.00321618,0.0,0.002622888,0.0,-4.5405008E-4,0.0
1.5601619E-4,0.028595362,0.0024236657,0.0,0.0030212172,0.0,0.0023443433,0.0,-4.027145E-4,0.0
3.551883E-4,0.034702703,0.0023025249,0.0,0.002869635,0.0,0.0020724398,0.0,-3.969788E-4,0.0
5.37707E-4,0.040810045,0.002244686,0.0,0.0027602273,0.0,0.0018184347,0.0,-4.3669585E-4,0.0
6.957582E-4,0.046917163,0.002246895,0.0,0.0026905087,0.0,0.0015923914,0.0,-5.186287E-4,0.0
8.2603324E-4,0.053024504,0.0023035689,0.0,0.0026572326,0.0,0.0014022139,0.0,-6.3716824E-4,0.0
9.2898885E-4,0.059131846,0.0024076237,0.0,0.0026568323,0.0,0.0012531106,0.0,-7.8519486E-4,0.0
0.0010079117,0.06523919,0.0025512876,0.0,0.0026857674,0.0,0.0011474526,0.0,-9.549519E-4,0.0
0.0010679098,0.07134653,0.002726825,0.0,0.0027407706,0.0,0.0010849579,0.0,-0.0011388302,0.0
0.0011149466,0.07745364,0.002927112,0.0,0.0028189973,0.0,0.0010631155,0.0,-0.0013299955,0.0
0.0011550154,0.08356099,0.0031460423,0.0,0.0029180925,0.0,0.0010777531,0.0,-0.0015228237,0.0
0.0011934842,0.089668326,0.0033787552,0.0,0.0030361866,0.0,0.0011236636,0.0,-0.0017131353,0.0
0.0012346618,0.09577567,0.003621698,0.0,0.0031718402,0.0,0.001195211,0.0,-0.0018982453,0.0
0.0012815691,0.10188302,0.003872558,0.0,0.003323961,0.0,0.001286861,0.0,-0.0020768621,0.0
0.0013358948,0.10799013,0.0041300906,0.0,0.0034917041,0.0,0.0013935958,0.0,-0.0022488728,0.0
0.0013981083,0.11409747,0.004393888,0.0,0.0036743742,0.0,0.001511196,0.0,-0.0024150617,0.0
0.0014676658,0.120204814,0.0046641245,0.0,0.0038713394,0.0,0.0016363892,0.0,-0.0025768063,0.0
0.0015432853,0.12631215,0.004941302,0.0,0.0040819636,0.0,0.0017668785,0.0,-0.002735779,0.0
0.0016232394,0.1324195,0.0052260305,0.0,0.004305561,0.0,0.0019012723,0.0,-0.0028936898,0.0
0.0017056298,0.13852684,0.005518854,0.0,0.0045413715,0.0,0.0020389454,0.0,-0.0030520852,0.0
0.0017886226,0.14463395,0.005820123,0.0,0.0047885575,0.0,0.0021798562,0.0,-0.0032122054,0.0
0.0018706324,0.1507413,0.006129928,0.0,0.005046218,0.0,0.0023243523,0.0,-0.003374911,0.0
0.0019504316,0.15684864,0.006448079,0.0,0.0053134086,0.0,0.0024729827,0.0,-0.0035406654,0.0
0.0020272061,0.16295598,0.0067741214,0.0,0.0055891704,0.0,0.0026263369,0.0,-0.003709563,0.0
0.0021005566,0.16906333,0.0071073878,0.0,0.005872564,0.0,0.0027849183,0.0,-0.0038813897,0.0
0.0021704524,0.17517044,0.0074470583,0.0,0.0061626933,0.0,0.0029490609,0.0,-0.004055706,0.0
0.0022371677,0.18127778,0.0077922354,0.0,0.006458732,0.0,0.0031188836,0.0,-0.004231935,0.0
0.002301186,0.18738513,0.00814201,0.0,0.006759936,0.0,0.003294282,0.0,-0.004409446,0.0
0.0023631128,0.19349247,0.008495523,0.0,0.007065655,0.0,0.003474949,0.0,-0.0045876284,0.0
